﻿{"ous":[{"Properties":{"highvalue":false,"name":"DOMAIN CONTROLLERS@HTB.LOCAL","domain":"HTB.LOCAL","objectid":"FADC790D-5AF7-4CE2-AF6D-3CF1B19C3788","distinguishedname":"OU=Domain Controllers,DC=htb,DC=local","description":"Default container for domain controllers","blocksinheritance":false},"Links":[{"IsEnforced":false,"Guid":"02C6088F-D125-4D85-B0D8-3B551DC2A97E"}],"ACLProtected":false,"Users":[],"Computers":["S-1-5-21-158661246-3153678129-2567348495-1001"],"ChildOus":[],"RemoteDesktopUsers":[],"LocalAdmins":[],"DcomUsers":[],"PSRemoteUsers":[],"ObjectIdentifier":"FADC790D-5AF7-4CE2-AF6D-3CF1B19C3788","Aces":[{"PrincipalSID":"S-1-5-21-158661246-3153678129-2567348495-512","PrincipalType":"Group","RightName":"Owner","AceType":"","IsInherited":false},{"PrincipalSID":"S-1-5-21-158661246-3153678129-2567348495-512","PrincipalType":"Group","RightName":"WriteDacl","AceType":"","IsInherited":false},{"PrincipalSID":"S-1-5-21-158661246-3153678129-2567348495-512","PrincipalType":"Group","RightName":"WriteOwner","AceType":"","IsInherited":false},{"PrincipalSID":"S-1-5-21-158661246-3153678129-2567348495-519","PrincipalType":"Group","RightName":"GenericAll","AceType":"","IsInherited":true},{"PrincipalSID":"HTB.LOCAL-S-1-5-32-544","PrincipalType":"Group","RightName":"WriteDacl","AceType":"","IsInherited":true},{"PrincipalSID":"HTB.LOCAL-S-1-5-32-544","PrincipalType":"Group","RightName":"WriteOwner","AceType":"","IsInherited":true}]},{"Properties":{"highvalue":false,"name":"GROUPS@HTB.LOCAL","domain":"HTB.LOCAL","objectid":"5B0A13C7-C80A-491A-8A02-259A8DD67A1E","distinguishedname":"OU=Groups,DC=htb,DC=local","description":null,"blocksinheritance":false},"Links":[],"ACLProtected":false,"Users":[],"Computers":[],"ChildOus":[],"RemoteDesktopUsers":[],"LocalAdmins":[],"DcomUsers":[],"PSRemoteUsers":[],"ObjectIdentifier":"5B0A13C7-C80A-491A-8A02-259A8DD67A1E","Aces":[{"PrincipalSID":"S-1-5-21-158661246-3153678129-2567348495-512","PrincipalType":"Group","RightName":"Owner","AceType":"","IsInherited":false},{"PrincipalSID":"S-1-5-21-158661246-3153678129-2567348495-512","PrincipalType":"Group","RightName":"GenericAll","AceType":"","IsInherited":false},{"PrincipalSID":"S-1-5-21-158661246-3153678129-2567348495-519","PrincipalType":"Group","RightName":"GenericAll","AceType":"","IsInherited":true},{"PrincipalSID":"HTB.LOCAL-S-1-5-32-544","PrincipalType":"Group","RightName":"WriteDacl","AceType":"","IsInherited":true},{"PrincipalSID":"HTB.LOCAL-S-1-5-32-544","PrincipalType":"Group","RightName":"WriteOwner","AceType":"","IsInherited":true}]},{"Properties":{"highvalue":false,"name":"MICROSOFT EXCHANGE SECURITY GROUPS@HTB.LOCAL","domain":"HTB.LOCAL","objectid":"726E1C9E-B809-46B1-9E23-AE8200C6C4D7","distinguishedname":"OU=Microsoft Exchange Security Groups,DC=htb,DC=local","description":null,"blocksinheritance":false},"Links":[],"ACLProtected":false,"Users":[],"Computers":[],"ChildOus":[],"RemoteDesktopUsers":[],"LocalAdmins":[],"DcomUsers":[],"PSRemoteUsers":[],"ObjectIdentifier":"726E1C9E-B809-46B1-9E23-AE8200C6C4D7","Aces":[{"PrincipalSID":"S-1-5-21-158661246-3153678129-2567348495-512","PrincipalType":"Group","RightName":"Owner","AceType":"","IsInherited":false},{"PrincipalSID":"S-1-5-21-158661246-3153678129-2567348495-512","PrincipalType":"Group","RightName":"GenericAll","AceType":"","IsInherited":false},{"PrincipalSID":"S-1-5-21-158661246-3153678129-2567348495-1144","PrincipalType":"Group","RightName":"GenericAll","AceType":"","IsInherited":false},{"PrincipalSID":"S-1-5-21-158661246-3153678129-2567348495-519","PrincipalType":"Group","RightName":"GenericAll","AceType":"","IsInherited":true},{"PrincipalSID":"HTB.LOCAL-S-1-5-32-544","PrincipalType":"Group","RightName":"WriteDacl","AceType":"","IsInherited":true},{"PrincipalSID":"HTB.LOCAL-S-1-5-32-544","PrincipalType":"Group","RightName":"WriteOwner","AceType":"","IsInherited":true}]},{"Properties":{"highvalue":false,"name":"SERVICE-ACCOUNTS@HTB.LOCAL","domain":"HTB.LOCAL","objectid":"075E8AB7-63D9-4FA6-A151-DC7DE150B102","distinguishedname":"OU=Service-Accounts,DC=htb,DC=local","description":null,"blocksinheritance":false},"Links":[],"ACLProtected":false,"Users":[],"Computers":[],"ChildOus":[],"RemoteDesktopUsers":[],"LocalAdmins":[],"DcomUsers":[],"PSRemoteUsers":[],"ObjectIdentifier":"075E8AB7-63D9-4FA6-A151-DC7DE150B102","Aces":[{"PrincipalSID":"S-1-5-21-158661246-3153678129-2567348495-512","PrincipalType":"Group","RightName":"Owner","AceType":"","IsInherited":false},{"PrincipalSID":"S-1-5-21-158661246-3153678129-2567348495-512","PrincipalType":"Group","RightName":"GenericAll","AceType":"","IsInherited":false},{"PrincipalSID":"S-1-5-21-158661246-3153678129-2567348495-519","PrincipalType":"Group","RightName":"GenericAll","AceType":"","IsInherited":true},{"PrincipalSID":"HTB.LOCAL-S-1-5-32-544","PrincipalType":"Group","RightName":"WriteDacl","AceType":"","IsInherited":true},{"PrincipalSID":"HTB.LOCAL-S-1-5-32-544","PrincipalType":"Group","RightName":"WriteOwner","AceType":"","IsInherited":true}]}],"meta":{"count":4,"type":"ous","version":3}}