﻿{"users":[{"Properties":{"highvalue":false,"name":"KRBTGT@HTB.LOCAL","domain":"HTB.LOCAL","objectid":"S-1-5-21-158661246-3153678129-2567348495-502","distinguishedname":"CN=krbtgt,CN=Users,DC=htb,DC=local","description":"Key Distribution Center Service Account","dontreqpreauth":false,"passwordnotreqd":false,"unconstraineddelegation":false,"sensitive":false,"enabled":false,"pwdneverexpires":true,"lastlogon":-1,"lastlogontimestamp":-1,"pwdlastset":1595939793,"serviceprincipalnames":["kadmin/changepw"],"hasspn":true,"displayname":null,"email":null,"title":null,"homedirectory":null,"userpassword":null,"admincount":true,"sidhistory":[]},"AllowedToDelegate":[],"SPNTargets":[],"PrimaryGroupSid":"S-1-5-21-158661246-3153678129-2567348495-513","HasSIDHistory":[],"ObjectIdentifier":"S-1-5-21-158661246-3153678129-2567348495-502","Aces":[{"PrincipalSID":"S-1-5-21-158661246-3153678129-2567348495-512","PrincipalType":"Group","RightName":"Owner","AceType":"","IsInherited":false},{"PrincipalSID":"HTB.LOCAL-S-1-5-32-544","PrincipalType":"Group","RightName":"WriteDacl","AceType":"","IsInherited":false},{"PrincipalSID":"HTB.LOCAL-S-1-5-32-544","PrincipalType":"Group","RightName":"WriteOwner","AceType":"","IsInherited":false},{"PrincipalSID":"HTB.LOCAL-S-1-5-32-544","PrincipalType":"Group","RightName":"ExtendedRight","AceType":"All","IsInherited":false},{"PrincipalSID":"HTB.LOCAL-S-1-5-32-544","PrincipalType":"Group","RightName":"GenericWrite","AceType":"","IsInherited":false},{"PrincipalSID":"S-1-5-21-158661246-3153678129-2567348495-512","PrincipalType":"Group","RightName":"WriteDacl","AceType":"","IsInherited":false},{"PrincipalSID":"S-1-5-21-158661246-3153678129-2567348495-512","PrincipalType":"Group","RightName":"WriteOwner","AceType":"","IsInherited":false},{"PrincipalSID":"S-1-5-21-158661246-3153678129-2567348495-512","PrincipalType":"Group","RightName":"ExtendedRight","AceType":"All","IsInherited":false},{"PrincipalSID":"S-1-5-21-158661246-3153678129-2567348495-512","PrincipalType":"Group","RightName":"GenericWrite","AceType":"","IsInherited":false},{"PrincipalSID":"S-1-5-21-158661246-3153678129-2567348495-519","PrincipalType":"Group","RightName":"WriteDacl","AceType":"","IsInherited":false},{"PrincipalSID":"S-1-5-21-158661246-3153678129-2567348495-519","PrincipalType":"Group","RightName":"WriteOwner","AceType":"","IsInherited":false},{"PrincipalSID":"S-1-5-21-158661246-3153678129-2567348495-519","PrincipalType":"Group","RightName":"ExtendedRight","AceType":"All","IsInherited":false},{"PrincipalSID":"S-1-5-21-158661246-3153678129-2567348495-519","PrincipalType":"Group","RightName":"GenericWrite","AceType":"","IsInherited":false}]},{"Properties":{"highvalue":false,"name":"J.ADAMS@HTB.LOCAL","domain":"HTB.LOCAL","objectid":"S-1-5-21-158661246-3153678129-2567348495-1113","distinguishedname":"CN=jenny,CN=Users,DC=htb,DC=local","description":null,"dontreqpreauth":false,"passwordnotreqd":false,"unconstraineddelegation":false,"sensitive":false,"enabled":true,"pwdneverexpires":true,"lastlogon":-1,"lastlogontimestamp":-1,"pwdlastset":1595940403,"serviceprincipalnames":[],"hasspn":false,"displayname":"jenny","email":"jenny@htb.local","title":null,"homedirectory":null,"userpassword":null,"admincount":false,"sidhistory":[]},"AllowedToDelegate":[],"SPNTargets":[],"PrimaryGroupSid":"S-1-5-21-158661246-3153678129-2567348495-513","HasSIDHistory":[],"ObjectIdentifier":"S-1-5-21-158661246-3153678129-2567348495-1113","Aces":[{"PrincipalSID":"S-1-5-21-158661246-3153678129-2567348495-512","PrincipalType":"Group","RightName":"Owner","AceType":"","IsInherited":false},{"PrincipalSID":"HTB.LOCAL-S-1-5-32-548","PrincipalType":"Group","RightName":"GenericAll","AceType":"","IsInherited":false},{"PrincipalSID":"S-1-5-21-158661246-3153678129-2567348495-512","PrincipalType":"Group","RightName":"GenericAll","AceType":"","IsInherited":false},{"PrincipalSID":"S-1-5-21-158661246-3153678129-2567348495-1157","PrincipalType":"Group","RightName":"ExtendedRight","AceType":"User-Force-Change-Password","IsInherited":true},{"PrincipalSID":"S-1-5-21-158661246-3153678129-2567348495-1157","PrincipalType":"Group","RightName":"WriteDacl","AceType":"","IsInherited":true},{"PrincipalSID":"S-1-5-21-158661246-3153678129-2567348495-519","PrincipalType":"Group","RightName":"GenericAll","AceType":"","IsInherited":true},{"PrincipalSID":"HTB.LOCAL-S-1-5-32-544","PrincipalType":"Group","RightName":"WriteDacl","AceType":"","IsInherited":true},{"PrincipalSID":"HTB.LOCAL-S-1-5-32-544","PrincipalType":"Group","RightName":"WriteOwner","AceType":"","IsInherited":true},{"PrincipalSID":"HTB.LOCAL-S-1-5-32-544","PrincipalType":"Group","RightName":"ExtendedRight","AceType":"All","IsInherited":true},{"PrincipalSID":"HTB.LOCAL-S-1-5-32-544","PrincipalType":"Group","RightName":"GenericWrite","AceType":"","IsInherited":true}]},{"Properties":{"highvalue":false,"name":"S.HELMER@HTB.LOCAL","domain":"HTB.LOCAL","objectid":"S-1-5-21-158661246-3153678129-2567348495-1112","distinguishedname":"CN=stig,CN=Users,DC=htb,DC=local","description":null,"dontreqpreauth":false,"passwordnotreqd":false,"unconstraineddelegation":false,"sensitive":false,"enabled":true,"pwdneverexpires":true,"lastlogon":-1,"lastlogontimestamp":-1,"pwdlastset":1595940403,"serviceprincipalnames":[],"hasspn":false,"displayname":"stig","email":"stig@htb.local","title":null,"homedirectory":null,"userpassword":null,"admincount":false,"sidhistory":[]},"AllowedToDelegate":[],"SPNTargets":[],"PrimaryGroupSid":"S-1-5-21-158661246-3153678129-2567348495-513","HasSIDHistory":[],"ObjectIdentifier":"S-1-5-21-158661246-3153678129-2567348495-1112","Aces":[{"PrincipalSID":"S-1-5-21-158661246-3153678129-2567348495-512","PrincipalType":"Group","RightName":"Owner","AceType":"","IsInherited":false},{"PrincipalSID":"HTB.LOCAL-S-1-5-32-548","PrincipalType":"Group","RightName":"GenericAll","AceType":"","IsInherited":false},{"PrincipalSID":"S-1-5-21-158661246-3153678129-2567348495-512","PrincipalType":"Group","RightName":"GenericAll","AceType":"","IsInherited":false},{"PrincipalSID":"S-1-5-21-158661246-3153678129-2567348495-1157","PrincipalType":"Group","RightName":"ExtendedRight","AceType":"User-Force-Change-Password","IsInherited":true},{"PrincipalSID":"S-1-5-21-158661246-3153678129-2567348495-1157","PrincipalType":"Group","RightName":"WriteDacl","AceType":"","IsInherited":true},{"PrincipalSID":"S-1-5-21-158661246-3153678129-2567348495-519","PrincipalType":"Group","RightName":"GenericAll","AceType":"","IsInherited":true},{"PrincipalSID":"HTB.LOCAL-S-1-5-32-544","PrincipalType":"Group","RightName":"WriteDacl","AceType":"","IsInherited":true},{"PrincipalSID":"HTB.LOCAL-S-1-5-32-544","PrincipalType":"Group","RightName":"WriteOwner","AceType":"","IsInherited":true},{"PrincipalSID":"HTB.LOCAL-S-1-5-32-544","PrincipalType":"Group","RightName":"ExtendedRight","AceType":"All","IsInherited":true},{"PrincipalSID":"HTB.LOCAL-S-1-5-32-544","PrincipalType":"Group","RightName":"GenericWrite","AceType":"","IsInherited":true}]},{"Properties":{"highvalue":false,"name":"S.SVENSSON@HTB.LOCAL","domain":"HTB.LOCAL","objectid":"S-1-5-21-158661246-3153678129-2567348495-1110","distinguishedname":"CN=sven,CN=Users,DC=htb,DC=local","description":null,"dontreqpreauth":false,"passwordnotreqd":false,"unconstraineddelegation":false,"sensitive":false,"enabled":true,"pwdneverexpires":true,"lastlogon":1604358001,"lastlogontimestamp":1604302006,"pwdlastset":1595940403,"serviceprincipalnames":[],"hasspn":false,"displayname":"sven","email":"sven@htb.local","title":null,"homedirectory":null,"userpassword":null,"admincount":false,"sidhistory":[]},"AllowedToDelegate":[],"SPNTargets":[],"PrimaryGroupSid":"S-1-5-21-158661246-3153678129-2567348495-513","HasSIDHistory":[],"ObjectIdentifier":"S-1-5-21-158661246-3153678129-2567348495-1110","Aces":[{"PrincipalSID":"S-1-5-21-158661246-3153678129-2567348495-512","PrincipalType":"Group","RightName":"Owner","AceType":"","IsInherited":false},{"PrincipalSID":"HTB.LOCAL-S-1-5-32-548","PrincipalType":"Group","RightName":"GenericAll","AceType":"","IsInherited":false},{"PrincipalSID":"S-1-5-21-158661246-3153678129-2567348495-512","PrincipalType":"Group","RightName":"GenericAll","AceType":"","IsInherited":false},{"PrincipalSID":"S-1-5-21-158661246-3153678129-2567348495-1157","PrincipalType":"Group","RightName":"ExtendedRight","AceType":"User-Force-Change-Password","IsInherited":true},{"PrincipalSID":"S-1-5-21-158661246-3153678129-2567348495-1157","PrincipalType":"Group","RightName":"WriteDacl","AceType":"","IsInherited":true},{"PrincipalSID":"S-1-5-21-158661246-3153678129-2567348495-519","PrincipalType":"Group","RightName":"GenericAll","AceType":"","IsInherited":true},{"PrincipalSID":"HTB.LOCAL-S-1-5-32-544","PrincipalType":"Group","RightName":"WriteDacl","AceType":"","IsInherited":true},{"PrincipalSID":"HTB.LOCAL-S-1-5-32-544","PrincipalType":"Group","RightName":"WriteOwner","AceType":"","IsInherited":true},{"PrincipalSID":"HTB.LOCAL-S-1-5-32-544","PrincipalType":"Group","RightName":"ExtendedRight","AceType":"All","IsInherited":true},{"PrincipalSID":"HTB.LOCAL-S-1-5-32-544","PrincipalType":"Group","RightName":"GenericWrite","AceType":"","IsInherited":true}]},{"Properties":{"highvalue":false,"name":"J.SMITH@HTB.LOCAL","domain":"HTB.LOCAL","objectid":"S-1-5-21-158661246-3153678129-2567348495-1114","distinguishedname":"CN=jhon,CN=Users,DC=htb,DC=local","description":null,"dontreqpreauth":false,"passwordnotreqd":false,"unconstraineddelegation":false,"sensitive":false,"enabled":true,"pwdneverexpires":true,"lastlogon":-1,"lastlogontimestamp":-1,"pwdlastset":1595940417,"serviceprincipalnames":[],"hasspn":false,"displayname":"jhon","email":"jhon@htb.local","title":null,"homedirectory":null,"userpassword":null,"admincount":false,"sidhistory":[]},"AllowedToDelegate":[],"SPNTargets":[],"PrimaryGroupSid":"S-1-5-21-158661246-3153678129-2567348495-513","HasSIDHistory":[],"ObjectIdentifier":"S-1-5-21-158661246-3153678129-2567348495-1114","Aces":[{"PrincipalSID":"S-1-5-21-158661246-3153678129-2567348495-512","PrincipalType":"Group","RightName":"Owner","AceType":"","IsInherited":false},{"PrincipalSID":"HTB.LOCAL-S-1-5-32-548","PrincipalType":"Group","RightName":"GenericAll","AceType":"","IsInherited":false},{"PrincipalSID":"S-1-5-21-158661246-3153678129-2567348495-512","PrincipalType":"Group","RightName":"GenericAll","AceType":"","IsInherited":false},{"PrincipalSID":"S-1-5-21-158661246-3153678129-2567348495-1157","PrincipalType":"Group","RightName":"ExtendedRight","AceType":"User-Force-Change-Password","IsInherited":true},{"PrincipalSID":"S-1-5-21-158661246-3153678129-2567348495-1157","PrincipalType":"Group","RightName":"WriteDacl","AceType":"","IsInherited":true},{"PrincipalSID":"S-1-5-21-158661246-3153678129-2567348495-519","PrincipalType":"Group","RightName":"GenericAll","AceType":"","IsInherited":true},{"PrincipalSID":"HTB.LOCAL-S-1-5-32-544","PrincipalType":"Group","RightName":"WriteDacl","AceType":"","IsInherited":true},{"PrincipalSID":"HTB.LOCAL-S-1-5-32-544","PrincipalType":"Group","RightName":"WriteOwner","AceType":"","IsInherited":true},{"PrincipalSID":"HTB.LOCAL-S-1-5-32-544","PrincipalType":"Group","RightName":"ExtendedRight","AceType":"All","IsInherited":true},{"PrincipalSID":"HTB.LOCAL-S-1-5-32-544","PrincipalType":"Group","RightName":"GenericWrite","AceType":"","IsInherited":true}]},{"Properties":{"highvalue":false,"name":"B.DAVIS@HTB.LOCAL","domain":"HTB.LOCAL","objectid":"S-1-5-21-158661246-3153678129-2567348495-1116","distinguishedname":"CN=bob,CN=Users,DC=htb,DC=local","description":null,"dontreqpreauth":false,"passwordnotreqd":false,"unconstraineddelegation":false,"sensitive":false,"enabled":true,"pwdneverexpires":true,"lastlogon":-1,"lastlogontimestamp":-1,"pwdlastset":1595940417,"serviceprincipalnames":[],"hasspn":false,"displayname":"bob","email":"bob@htb.local","title":null,"homedirectory":null,"userpassword":null,"admincount":false,"sidhistory":[]},"AllowedToDelegate":[],"SPNTargets":[],"PrimaryGroupSid":"S-1-5-21-158661246-3153678129-2567348495-513","HasSIDHistory":[],"ObjectIdentifier":"S-1-5-21-158661246-3153678129-2567348495-1116","Aces":[{"PrincipalSID":"S-1-5-21-158661246-3153678129-2567348495-512","PrincipalType":"Group","RightName":"Owner","AceType":"","IsInherited":false},{"PrincipalSID":"HTB.LOCAL-S-1-5-32-548","PrincipalType":"Group","RightName":"GenericAll","AceType":"","IsInherited":false},{"PrincipalSID":"S-1-5-21-158661246-3153678129-2567348495-512","PrincipalType":"Group","RightName":"GenericAll","AceType":"","IsInherited":false},{"PrincipalSID":"S-1-5-21-158661246-3153678129-2567348495-1157","PrincipalType":"Group","RightName":"ExtendedRight","AceType":"User-Force-Change-Password","IsInherited":true},{"PrincipalSID":"S-1-5-21-158661246-3153678129-2567348495-1157","PrincipalType":"Group","RightName":"WriteDacl","AceType":"","IsInherited":true},{"PrincipalSID":"S-1-5-21-158661246-3153678129-2567348495-519","PrincipalType":"Group","RightName":"GenericAll","AceType":"","IsInherited":true},{"PrincipalSID":"HTB.LOCAL-S-1-5-32-544","PrincipalType":"Group","RightName":"WriteDacl","AceType":"","IsInherited":true},{"PrincipalSID":"HTB.LOCAL-S-1-5-32-544","PrincipalType":"Group","RightName":"WriteOwner","AceType":"","IsInherited":true},{"PrincipalSID":"HTB.LOCAL-S-1-5-32-544","PrincipalType":"Group","RightName":"ExtendedRight","AceType":"All","IsInherited":true},{"PrincipalSID":"HTB.LOCAL-S-1-5-32-544","PrincipalType":"Group","RightName":"GenericWrite","AceType":"","IsInherited":true}]},{"Properties":{"highvalue":false,"name":"L.RODRIGUEZ@HTB.LOCAL","domain":"HTB.LOCAL","objectid":"S-1-5-21-158661246-3153678129-2567348495-1117","distinguishedname":"CN=lee,CN=Users,DC=htb,DC=local","description":null,"dontreqpreauth":false,"passwordnotreqd":false,"unconstraineddelegation":false,"sensitive":false,"enabled":true,"pwdneverexpires":true,"lastlogon":-1,"lastlogontimestamp":-1,"pwdlastset":1595940417,"serviceprincipalnames":[],"hasspn":false,"displayname":"lee","email":"lee@htb.local","title":null,"homedirectory":null,"userpassword":null,"admincount":false,"sidhistory":[]},"AllowedToDelegate":[],"SPNTargets":[],"PrimaryGroupSid":"S-1-5-21-158661246-3153678129-2567348495-513","HasSIDHistory":[],"ObjectIdentifier":"S-1-5-21-158661246-3153678129-2567348495-1117","Aces":[{"PrincipalSID":"S-1-5-21-158661246-3153678129-2567348495-512","PrincipalType":"Group","RightName":"Owner","AceType":"","IsInherited":false},{"PrincipalSID":"HTB.LOCAL-S-1-5-32-548","PrincipalType":"Group","RightName":"GenericAll","AceType":"","IsInherited":false},{"PrincipalSID":"S-1-5-21-158661246-3153678129-2567348495-512","PrincipalType":"Group","RightName":"GenericAll","AceType":"","IsInherited":false},{"PrincipalSID":"S-1-5-21-158661246-3153678129-2567348495-1157","PrincipalType":"Group","RightName":"ExtendedRight","AceType":"User-Force-Change-Password","IsInherited":true},{"PrincipalSID":"S-1-5-21-158661246-3153678129-2567348495-1157","PrincipalType":"Group","RightName":"WriteDacl","AceType":"","IsInherited":true},{"PrincipalSID":"S-1-5-21-158661246-3153678129-2567348495-519","PrincipalType":"Group","RightName":"GenericAll","AceType":"","IsInherited":true},{"PrincipalSID":"HTB.LOCAL-S-1-5-32-544","PrincipalType":"Group","RightName":"WriteDacl","AceType":"","IsInherited":true},{"PrincipalSID":"HTB.LOCAL-S-1-5-32-544","PrincipalType":"Group","RightName":"WriteOwner","AceType":"","IsInherited":true},{"PrincipalSID":"HTB.LOCAL-S-1-5-32-544","PrincipalType":"Group","RightName":"ExtendedRight","AceType":"All","IsInherited":true},{"PrincipalSID":"HTB.LOCAL-S-1-5-32-544","PrincipalType":"Group","RightName":"GenericWrite","AceType":"","IsInherited":true}]},{"Properties":{"highvalue":false,"name":"A.MILLER@HTB.LOCAL","domain":"HTB.LOCAL","objectid":"S-1-5-21-158661246-3153678129-2567348495-1115","distinguishedname":"CN=alex,CN=Users,DC=htb,DC=local","description":null,"dontreqpreauth":false,"passwordnotreqd":false,"unconstraineddelegation":false,"sensitive":false,"enabled":true,"pwdneverexpires":true,"lastlogon":-1,"lastlogontimestamp":-1,"pwdlastset":1595940417,"serviceprincipalnames":[],"hasspn":false,"displayname":"alex","email":"alex@htb.local","title":null,"homedirectory":null,"userpassword":null,"admincount":false,"sidhistory":[]},"AllowedToDelegate":[],"SPNTargets":[],"PrimaryGroupSid":"S-1-5-21-158661246-3153678129-2567348495-513","HasSIDHistory":[],"ObjectIdentifier":"S-1-5-21-158661246-3153678129-2567348495-1115","Aces":[{"PrincipalSID":"S-1-5-21-158661246-3153678129-2567348495-512","PrincipalType":"Group","RightName":"Owner","AceType":"","IsInherited":false},{"PrincipalSID":"HTB.LOCAL-S-1-5-32-548","PrincipalType":"Group","RightName":"GenericAll","AceType":"","IsInherited":false},{"PrincipalSID":"S-1-5-21-158661246-3153678129-2567348495-512","PrincipalType":"Group","RightName":"GenericAll","AceType":"","IsInherited":false},{"PrincipalSID":"S-1-5-21-158661246-3153678129-2567348495-1157","PrincipalType":"Group","RightName":"ExtendedRight","AceType":"User-Force-Change-Password","IsInherited":true},{"PrincipalSID":"S-1-5-21-158661246-3153678129-2567348495-1157","PrincipalType":"Group","RightName":"WriteDacl","AceType":"","IsInherited":true},{"PrincipalSID":"S-1-5-21-158661246-3153678129-2567348495-519","PrincipalType":"Group","RightName":"GenericAll","AceType":"","IsInherited":true},{"PrincipalSID":"HTB.LOCAL-S-1-5-32-544","PrincipalType":"Group","RightName":"WriteDacl","AceType":"","IsInherited":true},{"PrincipalSID":"HTB.LOCAL-S-1-5-32-544","PrincipalType":"Group","RightName":"WriteOwner","AceType":"","IsInherited":true},{"PrincipalSID":"HTB.LOCAL-S-1-5-32-544","PrincipalType":"Group","RightName":"ExtendedRight","AceType":"All","IsInherited":true},{"PrincipalSID":"HTB.LOCAL-S-1-5-32-544","PrincipalType":"Group","RightName":"GenericWrite","AceType":"","IsInherited":true}]},{"Properties":{"highvalue":false,"name":"K.GARCIA@HTB.LOCAL","domain":"HTB.LOCAL","objectid":"S-1-5-21-158661246-3153678129-2567348495-1118","distinguishedname":"CN=kalle,CN=Users,DC=htb,DC=local","description":null,"dontreqpreauth":false,"passwordnotreqd":false,"unconstraineddelegation":false,"sensitive":false,"enabled":true,"pwdneverexpires":true,"lastlogon":-1,"lastlogontimestamp":-1,"pwdlastset":1595940419,"serviceprincipalnames":[],"hasspn":false,"displayname":"kalle","email":"kalle@htb.local","title":null,"homedirectory":null,"userpassword":null,"admincount":false,"sidhistory":[]},"AllowedToDelegate":[],"SPNTargets":[],"PrimaryGroupSid":"S-1-5-21-158661246-3153678129-2567348495-513","HasSIDHistory":[],"ObjectIdentifier":"S-1-5-21-158661246-3153678129-2567348495-1118","Aces":[{"PrincipalSID":"S-1-5-21-158661246-3153678129-2567348495-512","PrincipalType":"Group","RightName":"Owner","AceType":"","IsInherited":false},{"PrincipalSID":"HTB.LOCAL-S-1-5-32-548","PrincipalType":"Group","RightName":"GenericAll","AceType":"","IsInherited":false},{"PrincipalSID":"S-1-5-21-158661246-3153678129-2567348495-512","PrincipalType":"Group","RightName":"GenericAll","AceType":"","IsInherited":false},{"PrincipalSID":"S-1-5-21-158661246-3153678129-2567348495-1157","PrincipalType":"Group","RightName":"ExtendedRight","AceType":"User-Force-Change-Password","IsInherited":true},{"PrincipalSID":"S-1-5-21-158661246-3153678129-2567348495-1157","PrincipalType":"Group","RightName":"WriteDacl","AceType":"","IsInherited":true},{"PrincipalSID":"S-1-5-21-158661246-3153678129-2567348495-519","PrincipalType":"Group","RightName":"GenericAll","AceType":"","IsInherited":true},{"PrincipalSID":"HTB.LOCAL-S-1-5-32-544","PrincipalType":"Group","RightName":"WriteDacl","AceType":"","IsInherited":true},{"PrincipalSID":"HTB.LOCAL-S-1-5-32-544","PrincipalType":"Group","RightName":"WriteOwner","AceType":"","IsInherited":true},{"PrincipalSID":"HTB.LOCAL-S-1-5-32-544","PrincipalType":"Group","RightName":"ExtendedRight","AceType":"All","IsInherited":true},{"PrincipalSID":"HTB.LOCAL-S-1-5-32-544","PrincipalType":"Group","RightName":"GenericWrite","AceType":"","IsInherited":true}]},{"Properties":{"highvalue":false,"name":"D.JOHSON@HTB.LOCAL","domain":"HTB.LOCAL","objectid":"S-1-5-21-158661246-3153678129-2567348495-1119","distinguishedname":"CN=donald,CN=Users,DC=htb,DC=local","description":null,"dontreqpreauth":false,"passwordnotreqd":false,"unconstraineddelegation":false,"sensitive":false,"enabled":true,"pwdneverexpires":true,"lastlogon":-1,"lastlogontimestamp":-1,"pwdlastset":1595940427,"serviceprincipalnames":[],"hasspn":false,"displayname":"donald","email":"donald@htb.local","title":null,"homedirectory":null,"userpassword":null,"admincount":false,"sidhistory":[]},"AllowedToDelegate":[],"SPNTargets":[],"PrimaryGroupSid":"S-1-5-21-158661246-3153678129-2567348495-513","HasSIDHistory":[],"ObjectIdentifier":"S-1-5-21-158661246-3153678129-2567348495-1119","Aces":[{"PrincipalSID":"S-1-5-21-158661246-3153678129-2567348495-512","PrincipalType":"Group","RightName":"Owner","AceType":"","IsInherited":false},{"PrincipalSID":"HTB.LOCAL-S-1-5-32-548","PrincipalType":"Group","RightName":"GenericAll","AceType":"","IsInherited":false},{"PrincipalSID":"S-1-5-21-158661246-3153678129-2567348495-512","PrincipalType":"Group","RightName":"GenericAll","AceType":"","IsInherited":false},{"PrincipalSID":"S-1-5-21-158661246-3153678129-2567348495-1157","PrincipalType":"Group","RightName":"ExtendedRight","AceType":"User-Force-Change-Password","IsInherited":true},{"PrincipalSID":"S-1-5-21-158661246-3153678129-2567348495-1157","PrincipalType":"Group","RightName":"WriteDacl","AceType":"","IsInherited":true},{"PrincipalSID":"S-1-5-21-158661246-3153678129-2567348495-519","PrincipalType":"Group","RightName":"GenericAll","AceType":"","IsInherited":true},{"PrincipalSID":"HTB.LOCAL-S-1-5-32-544","PrincipalType":"Group","RightName":"WriteDacl","AceType":"","IsInherited":true},{"PrincipalSID":"HTB.LOCAL-S-1-5-32-544","PrincipalType":"Group","RightName":"WriteOwner","AceType":"","IsInherited":true},{"PrincipalSID":"HTB.LOCAL-S-1-5-32-544","PrincipalType":"Group","RightName":"ExtendedRight","AceType":"All","IsInherited":true},{"PrincipalSID":"HTB.LOCAL-S-1-5-32-544","PrincipalType":"Group","RightName":"GenericWrite","AceType":"","IsInherited":true}]},{"Properties":{"highvalue":false,"name":"D.MARSHALL@HTB.LOCAL","domain":"HTB.LOCAL","objectid":"S-1-5-21-158661246-3153678129-2567348495-1120","distinguishedname":"CN=davis,CN=Users,DC=htb,DC=local","description":null,"dontreqpreauth":false,"passwordnotreqd":false,"unconstraineddelegation":false,"sensitive":false,"enabled":true,"pwdneverexpires":true,"lastlogon":-1,"lastlogontimestamp":-1,"pwdlastset":1595940427,"serviceprincipalnames":[],"hasspn":false,"displayname":"davis","email":"davis@htb.local","title":null,"homedirectory":null,"userpassword":null,"admincount":false,"sidhistory":[]},"AllowedToDelegate":[],"SPNTargets":[],"PrimaryGroupSid":"S-1-5-21-158661246-3153678129-2567348495-513","HasSIDHistory":[],"ObjectIdentifier":"S-1-5-21-158661246-3153678129-2567348495-1120","Aces":[{"PrincipalSID":"S-1-5-21-158661246-3153678129-2567348495-512","PrincipalType":"Group","RightName":"Owner","AceType":"","IsInherited":false},{"PrincipalSID":"HTB.LOCAL-S-1-5-32-548","PrincipalType":"Group","RightName":"GenericAll","AceType":"","IsInherited":false},{"PrincipalSID":"S-1-5-21-158661246-3153678129-2567348495-512","PrincipalType":"Group","RightName":"GenericAll","AceType":"","IsInherited":false},{"PrincipalSID":"S-1-5-21-158661246-3153678129-2567348495-1157","PrincipalType":"Group","RightName":"ExtendedRight","AceType":"User-Force-Change-Password","IsInherited":true},{"PrincipalSID":"S-1-5-21-158661246-3153678129-2567348495-1157","PrincipalType":"Group","RightName":"WriteDacl","AceType":"","IsInherited":true},{"PrincipalSID":"S-1-5-21-158661246-3153678129-2567348495-519","PrincipalType":"Group","RightName":"GenericAll","AceType":"","IsInherited":true},{"PrincipalSID":"HTB.LOCAL-S-1-5-32-544","PrincipalType":"Group","RightName":"WriteDacl","AceType":"","IsInherited":true},{"PrincipalSID":"HTB.LOCAL-S-1-5-32-544","PrincipalType":"Group","RightName":"WriteOwner","AceType":"","IsInherited":true},{"PrincipalSID":"HTB.LOCAL-S-1-5-32-544","PrincipalType":"Group","RightName":"ExtendedRight","AceType":"All","IsInherited":true},{"PrincipalSID":"HTB.LOCAL-S-1-5-32-544","PrincipalType":"Group","RightName":"GenericWrite","AceType":"","IsInherited":true}]},{"Properties":{"highvalue":false,"name":"J.JOHSON@HTB.LOCAL","domain":"HTB.LOCAL","objectid":"S-1-5-21-158661246-3153678129-2567348495-1121","distinguishedname":"CN=joe,CN=Users,DC=htb,DC=local","description":null,"dontreqpreauth":false,"passwordnotreqd":false,"unconstraineddelegation":false,"sensitive":false,"enabled":true,"pwdneverexpires":true,"lastlogon":-1,"lastlogontimestamp":-1,"pwdlastset":1595940427,"serviceprincipalnames":[],"hasspn":false,"displayname":"joe","email":"joe@htb.local","title":null,"homedirectory":null,"userpassword":null,"admincount":false,"sidhistory":[]},"AllowedToDelegate":[],"SPNTargets":[],"PrimaryGroupSid":"S-1-5-21-158661246-3153678129-2567348495-513","HasSIDHistory":[],"ObjectIdentifier":"S-1-5-21-158661246-3153678129-2567348495-1121","Aces":[{"PrincipalSID":"S-1-5-21-158661246-3153678129-2567348495-512","PrincipalType":"Group","RightName":"Owner","AceType":"","IsInherited":false},{"PrincipalSID":"HTB.LOCAL-S-1-5-32-548","PrincipalType":"Group","RightName":"GenericAll","AceType":"","IsInherited":false},{"PrincipalSID":"S-1-5-21-158661246-3153678129-2567348495-512","PrincipalType":"Group","RightName":"GenericAll","AceType":"","IsInherited":false},{"PrincipalSID":"S-1-5-21-158661246-3153678129-2567348495-1157","PrincipalType":"Group","RightName":"ExtendedRight","AceType":"User-Force-Change-Password","IsInherited":true},{"PrincipalSID":"S-1-5-21-158661246-3153678129-2567348495-1157","PrincipalType":"Group","RightName":"WriteDacl","AceType":"","IsInherited":true},{"PrincipalSID":"S-1-5-21-158661246-3153678129-2567348495-519","PrincipalType":"Group","RightName":"GenericAll","AceType":"","IsInherited":true},{"PrincipalSID":"HTB.LOCAL-S-1-5-32-544","PrincipalType":"Group","RightName":"WriteDacl","AceType":"","IsInherited":true},{"PrincipalSID":"HTB.LOCAL-S-1-5-32-544","PrincipalType":"Group","RightName":"WriteOwner","AceType":"","IsInherited":true},{"PrincipalSID":"HTB.LOCAL-S-1-5-32-544","PrincipalType":"Group","RightName":"ExtendedRight","AceType":"All","IsInherited":true},{"PrincipalSID":"HTB.LOCAL-S-1-5-32-544","PrincipalType":"Group","RightName":"GenericWrite","AceType":"","IsInherited":true}]},{"Properties":{"highvalue":false,"name":"M.DOE@HTB.LOCAL","domain":"HTB.LOCAL","objectid":"S-1-5-21-158661246-3153678129-2567348495-1122","distinguishedname":"CN=michael,CN=Users,DC=htb,DC=local","description":null,"dontreqpreauth":false,"passwordnotreqd":false,"unconstraineddelegation":false,"sensitive":false,"enabled":true,"pwdneverexpires":true,"lastlogon":-1,"lastlogontimestamp":-1,"pwdlastset":1595940429,"serviceprincipalnames":[],"hasspn":false,"displayname":"michael","email":"michael@htb.local","title":null,"homedirectory":null,"userpassword":null,"admincount":false,"sidhistory":[]},"AllowedToDelegate":[],"SPNTargets":[],"PrimaryGroupSid":"S-1-5-21-158661246-3153678129-2567348495-513","HasSIDHistory":[],"ObjectIdentifier":"S-1-5-21-158661246-3153678129-2567348495-1122","Aces":[{"PrincipalSID":"S-1-5-21-158661246-3153678129-2567348495-512","PrincipalType":"Group","RightName":"Owner","AceType":"","IsInherited":false},{"PrincipalSID":"HTB.LOCAL-S-1-5-32-548","PrincipalType":"Group","RightName":"GenericAll","AceType":"","IsInherited":false},{"PrincipalSID":"S-1-5-21-158661246-3153678129-2567348495-512","PrincipalType":"Group","RightName":"GenericAll","AceType":"","IsInherited":false},{"PrincipalSID":"S-1-5-21-158661246-3153678129-2567348495-1157","PrincipalType":"Group","RightName":"ExtendedRight","AceType":"User-Force-Change-Password","IsInherited":true},{"PrincipalSID":"S-1-5-21-158661246-3153678129-2567348495-1157","PrincipalType":"Group","RightName":"WriteDacl","AceType":"","IsInherited":true},{"PrincipalSID":"S-1-5-21-158661246-3153678129-2567348495-519","PrincipalType":"Group","RightName":"GenericAll","AceType":"","IsInherited":true},{"PrincipalSID":"HTB.LOCAL-S-1-5-32-544","PrincipalType":"Group","RightName":"WriteDacl","AceType":"","IsInherited":true},{"PrincipalSID":"HTB.LOCAL-S-1-5-32-544","PrincipalType":"Group","RightName":"WriteOwner","AceType":"","IsInherited":true},{"PrincipalSID":"HTB.LOCAL-S-1-5-32-544","PrincipalType":"Group","RightName":"ExtendedRight","AceType":"All","IsInherited":true},{"PrincipalSID":"HTB.LOCAL-S-1-5-32-544","PrincipalType":"Group","RightName":"GenericWrite","AceType":"","IsInherited":true}]},{"Properties":{"highvalue":false,"name":"T.TRUMP@HTB.LOCAL","domain":"HTB.LOCAL","objectid":"S-1-5-21-158661246-3153678129-2567348495-1123","distinguishedname":"CN=teresa,CN=Users,DC=htb,DC=local","description":null,"dontreqpreauth":false,"passwordnotreqd":false,"unconstraineddelegation":false,"sensitive":false,"enabled":true,"pwdneverexpires":true,"lastlogon":-1,"lastlogontimestamp":-1,"pwdlastset":1595940435,"serviceprincipalnames":[],"hasspn":false,"displayname":"teresa","email":"teresa@htb.local","title":null,"homedirectory":null,"userpassword":null,"admincount":false,"sidhistory":[]},"AllowedToDelegate":[],"SPNTargets":[],"PrimaryGroupSid":"S-1-5-21-158661246-3153678129-2567348495-513","HasSIDHistory":[],"ObjectIdentifier":"S-1-5-21-158661246-3153678129-2567348495-1123","Aces":[{"PrincipalSID":"S-1-5-21-158661246-3153678129-2567348495-512","PrincipalType":"Group","RightName":"Owner","AceType":"","IsInherited":false},{"PrincipalSID":"HTB.LOCAL-S-1-5-32-548","PrincipalType":"Group","RightName":"GenericAll","AceType":"","IsInherited":false},{"PrincipalSID":"S-1-5-21-158661246-3153678129-2567348495-512","PrincipalType":"Group","RightName":"GenericAll","AceType":"","IsInherited":false},{"PrincipalSID":"S-1-5-21-158661246-3153678129-2567348495-1157","PrincipalType":"Group","RightName":"ExtendedRight","AceType":"User-Force-Change-Password","IsInherited":true},{"PrincipalSID":"S-1-5-21-158661246-3153678129-2567348495-1157","PrincipalType":"Group","RightName":"WriteDacl","AceType":"","IsInherited":true},{"PrincipalSID":"S-1-5-21-158661246-3153678129-2567348495-519","PrincipalType":"Group","RightName":"GenericAll","AceType":"","IsInherited":true},{"PrincipalSID":"HTB.LOCAL-S-1-5-32-544","PrincipalType":"Group","RightName":"WriteDacl","AceType":"","IsInherited":true},{"PrincipalSID":"HTB.LOCAL-S-1-5-32-544","PrincipalType":"Group","RightName":"WriteOwner","AceType":"","IsInherited":true},{"PrincipalSID":"HTB.LOCAL-S-1-5-32-544","PrincipalType":"Group","RightName":"ExtendedRight","AceType":"All","IsInherited":true},{"PrincipalSID":"HTB.LOCAL-S-1-5-32-544","PrincipalType":"Group","RightName":"GenericWrite","AceType":"","IsInherited":true}]},{"Properties":{"highvalue":false,"name":"J.MORGAN@HTB.LOCAL","domain":"HTB.LOCAL","objectid":"S-1-5-21-158661246-3153678129-2567348495-1125","distinguishedname":"CN=jim,CN=Users,DC=htb,DC=local","description":null,"dontreqpreauth":false,"passwordnotreqd":false,"unconstraineddelegation":false,"sensitive":false,"enabled":true,"pwdneverexpires":true,"lastlogon":-1,"lastlogontimestamp":-1,"pwdlastset":1595940435,"serviceprincipalnames":[],"hasspn":false,"displayname":"jim","email":"jim@htb.local","title":null,"homedirectory":null,"userpassword":null,"admincount":false,"sidhistory":[]},"AllowedToDelegate":[],"SPNTargets":[],"PrimaryGroupSid":"S-1-5-21-158661246-3153678129-2567348495-513","HasSIDHistory":[],"ObjectIdentifier":"S-1-5-21-158661246-3153678129-2567348495-1125","Aces":[{"PrincipalSID":"S-1-5-21-158661246-3153678129-2567348495-512","PrincipalType":"Group","RightName":"Owner","AceType":"","IsInherited":false},{"PrincipalSID":"HTB.LOCAL-S-1-5-32-548","PrincipalType":"Group","RightName":"GenericAll","AceType":"","IsInherited":false},{"PrincipalSID":"S-1-5-21-158661246-3153678129-2567348495-512","PrincipalType":"Group","RightName":"GenericAll","AceType":"","IsInherited":false},{"PrincipalSID":"S-1-5-21-158661246-3153678129-2567348495-1157","PrincipalType":"Group","RightName":"ExtendedRight","AceType":"User-Force-Change-Password","IsInherited":true},{"PrincipalSID":"S-1-5-21-158661246-3153678129-2567348495-1157","PrincipalType":"Group","RightName":"WriteDacl","AceType":"","IsInherited":true},{"PrincipalSID":"S-1-5-21-158661246-3153678129-2567348495-519","PrincipalType":"Group","RightName":"GenericAll","AceType":"","IsInherited":true},{"PrincipalSID":"HTB.LOCAL-S-1-5-32-544","PrincipalType":"Group","RightName":"WriteDacl","AceType":"","IsInherited":true},{"PrincipalSID":"HTB.LOCAL-S-1-5-32-544","PrincipalType":"Group","RightName":"WriteOwner","AceType":"","IsInherited":true},{"PrincipalSID":"HTB.LOCAL-S-1-5-32-544","PrincipalType":"Group","RightName":"ExtendedRight","AceType":"All","IsInherited":true},{"PrincipalSID":"HTB.LOCAL-S-1-5-32-544","PrincipalType":"Group","RightName":"GenericWrite","AceType":"","IsInherited":true}]},{"Properties":{"highvalue":false,"name":"T.SCOTT@HTB.LOCAL","domain":"HTB.LOCAL","objectid":"S-1-5-21-158661246-3153678129-2567348495-1124","distinguishedname":"CN=travis,CN=Users,DC=htb,DC=local","description":null,"dontreqpreauth":false,"passwordnotreqd":false,"unconstraineddelegation":false,"sensitive":false,"enabled":true,"pwdneverexpires":true,"lastlogon":-1,"lastlogontimestamp":-1,"pwdlastset":1595940435,"serviceprincipalnames":[],"hasspn":false,"displayname":"travis","email":"travis@htb.local","title":null,"homedirectory":null,"userpassword":null,"admincount":false,"sidhistory":[]},"AllowedToDelegate":[],"SPNTargets":[],"PrimaryGroupSid":"S-1-5-21-158661246-3153678129-2567348495-513","HasSIDHistory":[],"ObjectIdentifier":"S-1-5-21-158661246-3153678129-2567348495-1124","Aces":[{"PrincipalSID":"S-1-5-21-158661246-3153678129-2567348495-512","PrincipalType":"Group","RightName":"Owner","AceType":"","IsInherited":false},{"PrincipalSID":"HTB.LOCAL-S-1-5-32-548","PrincipalType":"Group","RightName":"GenericAll","AceType":"","IsInherited":false},{"PrincipalSID":"S-1-5-21-158661246-3153678129-2567348495-512","PrincipalType":"Group","RightName":"GenericAll","AceType":"","IsInherited":false},{"PrincipalSID":"S-1-5-21-158661246-3153678129-2567348495-1157","PrincipalType":"Group","RightName":"ExtendedRight","AceType":"User-Force-Change-Password","IsInherited":true},{"PrincipalSID":"S-1-5-21-158661246-3153678129-2567348495-1157","PrincipalType":"Group","RightName":"WriteDacl","AceType":"","IsInherited":true},{"PrincipalSID":"S-1-5-21-158661246-3153678129-2567348495-519","PrincipalType":"Group","RightName":"GenericAll","AceType":"","IsInherited":true},{"PrincipalSID":"HTB.LOCAL-S-1-5-32-544","PrincipalType":"Group","RightName":"WriteDacl","AceType":"","IsInherited":true},{"PrincipalSID":"HTB.LOCAL-S-1-5-32-544","PrincipalType":"Group","RightName":"WriteOwner","AceType":"","IsInherited":true},{"PrincipalSID":"HTB.LOCAL-S-1-5-32-544","PrincipalType":"Group","RightName":"ExtendedRight","AceType":"All","IsInherited":true},{"PrincipalSID":"HTB.LOCAL-S-1-5-32-544","PrincipalType":"Group","RightName":"GenericWrite","AceType":"","IsInherited":true}]},{"Properties":{"highvalue":false,"name":"F.ALLEN@HTB.LOCAL","domain":"HTB.LOCAL","objectid":"S-1-5-21-158661246-3153678129-2567348495-1128","distinguishedname":"CN=frans,CN=Users,DC=htb,DC=local","description":null,"dontreqpreauth":false,"passwordnotreqd":false,"unconstraineddelegation":false,"sensitive":false,"enabled":true,"pwdneverexpires":true,"lastlogon":-1,"lastlogontimestamp":-1,"pwdlastset":1595940442,"serviceprincipalnames":[],"hasspn":false,"displayname":"frans","email":"frans@htb.local","title":null,"homedirectory":null,"userpassword":null,"admincount":false,"sidhistory":[]},"AllowedToDelegate":[],"SPNTargets":[],"PrimaryGroupSid":"S-1-5-21-158661246-3153678129-2567348495-513","HasSIDHistory":[],"ObjectIdentifier":"S-1-5-21-158661246-3153678129-2567348495-1128","Aces":[{"PrincipalSID":"S-1-5-21-158661246-3153678129-2567348495-512","PrincipalType":"Group","RightName":"Owner","AceType":"","IsInherited":false},{"PrincipalSID":"HTB.LOCAL-S-1-5-32-548","PrincipalType":"Group","RightName":"GenericAll","AceType":"","IsInherited":false},{"PrincipalSID":"S-1-5-21-158661246-3153678129-2567348495-512","PrincipalType":"Group","RightName":"GenericAll","AceType":"","IsInherited":false},{"PrincipalSID":"S-1-5-21-158661246-3153678129-2567348495-1157","PrincipalType":"Group","RightName":"ExtendedRight","AceType":"User-Force-Change-Password","IsInherited":true},{"PrincipalSID":"S-1-5-21-158661246-3153678129-2567348495-1157","PrincipalType":"Group","RightName":"WriteDacl","AceType":"","IsInherited":true},{"PrincipalSID":"S-1-5-21-158661246-3153678129-2567348495-519","PrincipalType":"Group","RightName":"GenericAll","AceType":"","IsInherited":true},{"PrincipalSID":"HTB.LOCAL-S-1-5-32-544","PrincipalType":"Group","RightName":"WriteDacl","AceType":"","IsInherited":true},{"PrincipalSID":"HTB.LOCAL-S-1-5-32-544","PrincipalType":"Group","RightName":"WriteOwner","AceType":"","IsInherited":true},{"PrincipalSID":"HTB.LOCAL-S-1-5-32-544","PrincipalType":"Group","RightName":"ExtendedRight","AceType":"All","IsInherited":true},{"PrincipalSID":"HTB.LOCAL-S-1-5-32-544","PrincipalType":"Group","RightName":"GenericWrite","AceType":"","IsInherited":true}]},{"Properties":{"highvalue":false,"name":"G.QUIMBLY@HTB.LOCAL","domain":"HTB.LOCAL","objectid":"S-1-5-21-158661246-3153678129-2567348495-1126","distinguishedname":"CN=gregg,CN=Users,DC=htb,DC=local","description":null,"dontreqpreauth":false,"passwordnotreqd":false,"unconstraineddelegation":false,"sensitive":false,"enabled":true,"pwdneverexpires":true,"lastlogon":-1,"lastlogontimestamp":-1,"pwdlastset":1595940435,"serviceprincipalnames":[],"hasspn":false,"displayname":"gregg","email":"gregg@htb.local","title":null,"homedirectory":null,"userpassword":null,"admincount":false,"sidhistory":[]},"AllowedToDelegate":[],"SPNTargets":[],"PrimaryGroupSid":"S-1-5-21-158661246-3153678129-2567348495-513","HasSIDHistory":[],"ObjectIdentifier":"S-1-5-21-158661246-3153678129-2567348495-1126","Aces":[{"PrincipalSID":"S-1-5-21-158661246-3153678129-2567348495-512","PrincipalType":"Group","RightName":"Owner","AceType":"","IsInherited":false},{"PrincipalSID":"HTB.LOCAL-S-1-5-32-548","PrincipalType":"Group","RightName":"GenericAll","AceType":"","IsInherited":false},{"PrincipalSID":"S-1-5-21-158661246-3153678129-2567348495-512","PrincipalType":"Group","RightName":"GenericAll","AceType":"","IsInherited":false},{"PrincipalSID":"S-1-5-21-158661246-3153678129-2567348495-1157","PrincipalType":"Group","RightName":"ExtendedRight","AceType":"User-Force-Change-Password","IsInherited":true},{"PrincipalSID":"S-1-5-21-158661246-3153678129-2567348495-1157","PrincipalType":"Group","RightName":"WriteDacl","AceType":"","IsInherited":true},{"PrincipalSID":"S-1-5-21-158661246-3153678129-2567348495-519","PrincipalType":"Group","RightName":"GenericAll","AceType":"","IsInherited":true},{"PrincipalSID":"HTB.LOCAL-S-1-5-32-544","PrincipalType":"Group","RightName":"WriteDacl","AceType":"","IsInherited":true},{"PrincipalSID":"HTB.LOCAL-S-1-5-32-544","PrincipalType":"Group","RightName":"WriteOwner","AceType":"","IsInherited":true},{"PrincipalSID":"HTB.LOCAL-S-1-5-32-544","PrincipalType":"Group","RightName":"ExtendedRight","AceType":"All","IsInherited":true},{"PrincipalSID":"HTB.LOCAL-S-1-5-32-544","PrincipalType":"Group","RightName":"GenericWrite","AceType":"","IsInherited":true}]},{"Properties":{"highvalue":false,"name":"J.MARIN@HTB.LOCAL","domain":"HTB.LOCAL","objectid":"S-1-5-21-158661246-3153678129-2567348495-1129","distinguishedname":"CN=james,CN=Users,DC=htb,DC=local","description":null,"dontreqpreauth":false,"passwordnotreqd":false,"unconstraineddelegation":false,"sensitive":false,"enabled":true,"pwdneverexpires":true,"lastlogon":-1,"lastlogontimestamp":-1,"pwdlastset":1595940442,"serviceprincipalnames":[],"hasspn":false,"displayname":"james","email":"james@htb.local","title":null,"homedirectory":null,"userpassword":null,"admincount":false,"sidhistory":[]},"AllowedToDelegate":[],"SPNTargets":[],"PrimaryGroupSid":"S-1-5-21-158661246-3153678129-2567348495-513","HasSIDHistory":[],"ObjectIdentifier":"S-1-5-21-158661246-3153678129-2567348495-1129","Aces":[{"PrincipalSID":"S-1-5-21-158661246-3153678129-2567348495-512","PrincipalType":"Group","RightName":"Owner","AceType":"","IsInherited":false},{"PrincipalSID":"HTB.LOCAL-S-1-5-32-548","PrincipalType":"Group","RightName":"GenericAll","AceType":"","IsInherited":false},{"PrincipalSID":"S-1-5-21-158661246-3153678129-2567348495-512","PrincipalType":"Group","RightName":"GenericAll","AceType":"","IsInherited":false},{"PrincipalSID":"S-1-5-21-158661246-3153678129-2567348495-1157","PrincipalType":"Group","RightName":"ExtendedRight","AceType":"User-Force-Change-Password","IsInherited":true},{"PrincipalSID":"S-1-5-21-158661246-3153678129-2567348495-1157","PrincipalType":"Group","RightName":"WriteDacl","AceType":"","IsInherited":true},{"PrincipalSID":"S-1-5-21-158661246-3153678129-2567348495-519","PrincipalType":"Group","RightName":"GenericAll","AceType":"","IsInherited":true},{"PrincipalSID":"HTB.LOCAL-S-1-5-32-544","PrincipalType":"Group","RightName":"WriteDacl","AceType":"","IsInherited":true},{"PrincipalSID":"HTB.LOCAL-S-1-5-32-544","PrincipalType":"Group","RightName":"WriteOwner","AceType":"","IsInherited":true},{"PrincipalSID":"HTB.LOCAL-S-1-5-32-544","PrincipalType":"Group","RightName":"ExtendedRight","AceType":"All","IsInherited":true},{"PrincipalSID":"HTB.LOCAL-S-1-5-32-544","PrincipalType":"Group","RightName":"GenericWrite","AceType":"","IsInherited":true}]},{"Properties":{"highvalue":false,"name":"F.SANDERS@HTB.LOCAL","domain":"HTB.LOCAL","objectid":"S-1-5-21-158661246-3153678129-2567348495-1127","distinguishedname":"CN=fred,CN=Users,DC=htb,DC=local","description":null,"dontreqpreauth":false,"passwordnotreqd":false,"unconstraineddelegation":false,"sensitive":false,"enabled":true,"pwdneverexpires":true,"lastlogon":-1,"lastlogontimestamp":-1,"pwdlastset":1595940436,"serviceprincipalnames":[],"hasspn":false,"displayname":"fred","email":"fred@htb.local","title":null,"homedirectory":null,"userpassword":null,"admincount":false,"sidhistory":[]},"AllowedToDelegate":[],"SPNTargets":[],"PrimaryGroupSid":"S-1-5-21-158661246-3153678129-2567348495-513","HasSIDHistory":[],"ObjectIdentifier":"S-1-5-21-158661246-3153678129-2567348495-1127","Aces":[{"PrincipalSID":"S-1-5-21-158661246-3153678129-2567348495-512","PrincipalType":"Group","RightName":"Owner","AceType":"","IsInherited":false},{"PrincipalSID":"HTB.LOCAL-S-1-5-32-548","PrincipalType":"Group","RightName":"GenericAll","AceType":"","IsInherited":false},{"PrincipalSID":"S-1-5-21-158661246-3153678129-2567348495-512","PrincipalType":"Group","RightName":"GenericAll","AceType":"","IsInherited":false},{"PrincipalSID":"S-1-5-21-158661246-3153678129-2567348495-1157","PrincipalType":"Group","RightName":"ExtendedRight","AceType":"User-Force-Change-Password","IsInherited":true},{"PrincipalSID":"S-1-5-21-158661246-3153678129-2567348495-1157","PrincipalType":"Group","RightName":"WriteDacl","AceType":"","IsInherited":true},{"PrincipalSID":"S-1-5-21-158661246-3153678129-2567348495-519","PrincipalType":"Group","RightName":"GenericAll","AceType":"","IsInherited":true},{"PrincipalSID":"HTB.LOCAL-S-1-5-32-544","PrincipalType":"Group","RightName":"WriteDacl","AceType":"","IsInherited":true},{"PrincipalSID":"HTB.LOCAL-S-1-5-32-544","PrincipalType":"Group","RightName":"WriteOwner","AceType":"","IsInherited":true},{"PrincipalSID":"HTB.LOCAL-S-1-5-32-544","PrincipalType":"Group","RightName":"ExtendedRight","AceType":"All","IsInherited":true},{"PrincipalSID":"HTB.LOCAL-S-1-5-32-544","PrincipalType":"Group","RightName":"GenericWrite","AceType":"","IsInherited":true}]},{"Properties":{"highvalue":false,"name":"R.THOMPSON@HTB.LOCAL","domain":"HTB.LOCAL","objectid":"S-1-5-21-158661246-3153678129-2567348495-1131","distinguishedname":"CN=richard,CN=Users,DC=htb,DC=local","description":null,"dontreqpreauth":false,"passwordnotreqd":false,"unconstraineddelegation":false,"sensitive":false,"enabled":true,"pwdneverexpires":true,"lastlogon":-1,"lastlogontimestamp":-1,"pwdlastset":1595940442,"serviceprincipalnames":[],"hasspn":false,"displayname":"richard","email":"richard@htb.local","title":null,"homedirectory":null,"userpassword":null,"admincount":false,"sidhistory":[]},"AllowedToDelegate":[],"SPNTargets":[],"PrimaryGroupSid":"S-1-5-21-158661246-3153678129-2567348495-513","HasSIDHistory":[],"ObjectIdentifier":"S-1-5-21-158661246-3153678129-2567348495-1131","Aces":[{"PrincipalSID":"S-1-5-21-158661246-3153678129-2567348495-512","PrincipalType":"Group","RightName":"Owner","AceType":"","IsInherited":false},{"PrincipalSID":"HTB.LOCAL-S-1-5-32-548","PrincipalType":"Group","RightName":"GenericAll","AceType":"","IsInherited":false},{"PrincipalSID":"S-1-5-21-158661246-3153678129-2567348495-512","PrincipalType":"Group","RightName":"GenericAll","AceType":"","IsInherited":false},{"PrincipalSID":"S-1-5-21-158661246-3153678129-2567348495-1157","PrincipalType":"Group","RightName":"ExtendedRight","AceType":"User-Force-Change-Password","IsInherited":true},{"PrincipalSID":"S-1-5-21-158661246-3153678129-2567348495-1157","PrincipalType":"Group","RightName":"WriteDacl","AceType":"","IsInherited":true},{"PrincipalSID":"S-1-5-21-158661246-3153678129-2567348495-519","PrincipalType":"Group","RightName":"GenericAll","AceType":"","IsInherited":true},{"PrincipalSID":"HTB.LOCAL-S-1-5-32-544","PrincipalType":"Group","RightName":"WriteDacl","AceType":"","IsInherited":true},{"PrincipalSID":"HTB.LOCAL-S-1-5-32-544","PrincipalType":"Group","RightName":"WriteOwner","AceType":"","IsInherited":true},{"PrincipalSID":"HTB.LOCAL-S-1-5-32-544","PrincipalType":"Group","RightName":"ExtendedRight","AceType":"All","IsInherited":true},{"PrincipalSID":"HTB.LOCAL-S-1-5-32-544","PrincipalType":"Group","RightName":"GenericWrite","AceType":"","IsInherited":true}]},{"Properties":{"highvalue":false,"name":"J.MOORE@HTB.LOCAL","domain":"HTB.LOCAL","objectid":"S-1-5-21-158661246-3153678129-2567348495-1133","distinguishedname":"CN=joseph,CN=Users,DC=htb,DC=local","description":null,"dontreqpreauth":false,"passwordnotreqd":false,"unconstraineddelegation":false,"sensitive":false,"enabled":true,"pwdneverexpires":true,"lastlogon":-1,"lastlogontimestamp":-1,"pwdlastset":1595940450,"serviceprincipalnames":[],"hasspn":false,"displayname":"joseph","email":"joseph@htb.local","title":null,"homedirectory":null,"userpassword":null,"admincount":false,"sidhistory":[]},"AllowedToDelegate":[],"SPNTargets":[],"PrimaryGroupSid":"S-1-5-21-158661246-3153678129-2567348495-513","HasSIDHistory":[],"ObjectIdentifier":"S-1-5-21-158661246-3153678129-2567348495-1133","Aces":[{"PrincipalSID":"S-1-5-21-158661246-3153678129-2567348495-512","PrincipalType":"Group","RightName":"Owner","AceType":"","IsInherited":false},{"PrincipalSID":"HTB.LOCAL-S-1-5-32-548","PrincipalType":"Group","RightName":"GenericAll","AceType":"","IsInherited":false},{"PrincipalSID":"S-1-5-21-158661246-3153678129-2567348495-512","PrincipalType":"Group","RightName":"GenericAll","AceType":"","IsInherited":false},{"PrincipalSID":"S-1-5-21-158661246-3153678129-2567348495-1157","PrincipalType":"Group","RightName":"ExtendedRight","AceType":"User-Force-Change-Password","IsInherited":true},{"PrincipalSID":"S-1-5-21-158661246-3153678129-2567348495-1157","PrincipalType":"Group","RightName":"WriteDacl","AceType":"","IsInherited":true},{"PrincipalSID":"S-1-5-21-158661246-3153678129-2567348495-519","PrincipalType":"Group","RightName":"GenericAll","AceType":"","IsInherited":true},{"PrincipalSID":"HTB.LOCAL-S-1-5-32-544","PrincipalType":"Group","RightName":"WriteDacl","AceType":"","IsInherited":true},{"PrincipalSID":"HTB.LOCAL-S-1-5-32-544","PrincipalType":"Group","RightName":"WriteOwner","AceType":"","IsInherited":true},{"PrincipalSID":"HTB.LOCAL-S-1-5-32-544","PrincipalType":"Group","RightName":"ExtendedRight","AceType":"All","IsInherited":true},{"PrincipalSID":"HTB.LOCAL-S-1-5-32-544","PrincipalType":"Group","RightName":"GenericWrite","AceType":"","IsInherited":true}]},{"Properties":{"highvalue":false,"name":"C.JACKSON@HTB.LOCAL","domain":"HTB.LOCAL","objectid":"S-1-5-21-158661246-3153678129-2567348495-1132","distinguishedname":"CN=charles,CN=Users,DC=htb,DC=local","description":null,"dontreqpreauth":false,"passwordnotreqd":false,"unconstraineddelegation":false,"sensitive":false,"enabled":true,"pwdneverexpires":true,"lastlogon":-1,"lastlogontimestamp":-1,"pwdlastset":1595940449,"serviceprincipalnames":[],"hasspn":false,"displayname":"charles","email":"charles@htb.local","title":null,"homedirectory":null,"userpassword":null,"admincount":false,"sidhistory":[]},"AllowedToDelegate":[],"SPNTargets":[],"PrimaryGroupSid":"S-1-5-21-158661246-3153678129-2567348495-513","HasSIDHistory":[],"ObjectIdentifier":"S-1-5-21-158661246-3153678129-2567348495-1132","Aces":[{"PrincipalSID":"S-1-5-21-158661246-3153678129-2567348495-512","PrincipalType":"Group","RightName":"Owner","AceType":"","IsInherited":false},{"PrincipalSID":"HTB.LOCAL-S-1-5-32-548","PrincipalType":"Group","RightName":"GenericAll","AceType":"","IsInherited":false},{"PrincipalSID":"S-1-5-21-158661246-3153678129-2567348495-512","PrincipalType":"Group","RightName":"GenericAll","AceType":"","IsInherited":false},{"PrincipalSID":"S-1-5-21-158661246-3153678129-2567348495-1157","PrincipalType":"Group","RightName":"ExtendedRight","AceType":"User-Force-Change-Password","IsInherited":true},{"PrincipalSID":"S-1-5-21-158661246-3153678129-2567348495-1157","PrincipalType":"Group","RightName":"WriteDacl","AceType":"","IsInherited":true},{"PrincipalSID":"S-1-5-21-158661246-3153678129-2567348495-519","PrincipalType":"Group","RightName":"GenericAll","AceType":"","IsInherited":true},{"PrincipalSID":"HTB.LOCAL-S-1-5-32-544","PrincipalType":"Group","RightName":"WriteDacl","AceType":"","IsInherited":true},{"PrincipalSID":"HTB.LOCAL-S-1-5-32-544","PrincipalType":"Group","RightName":"WriteOwner","AceType":"","IsInherited":true},{"PrincipalSID":"HTB.LOCAL-S-1-5-32-544","PrincipalType":"Group","RightName":"ExtendedRight","AceType":"All","IsInherited":true},{"PrincipalSID":"HTB.LOCAL-S-1-5-32-544","PrincipalType":"Group","RightName":"GenericWrite","AceType":"","IsInherited":true}]},{"Properties":{"highvalue":false,"name":"J.PEREZ@HTB.LOCAL","domain":"HTB.LOCAL","objectid":"S-1-5-21-158661246-3153678129-2567348495-1135","distinguishedname":"CN=jeff,CN=Users,DC=htb,DC=local","description":null,"dontreqpreauth":false,"passwordnotreqd":false,"unconstraineddelegation":false,"sensitive":false,"enabled":true,"pwdneverexpires":true,"lastlogon":-1,"lastlogontimestamp":-1,"pwdlastset":1595940451,"serviceprincipalnames":[],"hasspn":false,"displayname":"jeff","email":"jeff@htb.local","title":null,"homedirectory":null,"userpassword":null,"admincount":false,"sidhistory":[]},"AllowedToDelegate":[],"SPNTargets":[],"PrimaryGroupSid":"S-1-5-21-158661246-3153678129-2567348495-513","HasSIDHistory":[],"ObjectIdentifier":"S-1-5-21-158661246-3153678129-2567348495-1135","Aces":[{"PrincipalSID":"S-1-5-21-158661246-3153678129-2567348495-512","PrincipalType":"Group","RightName":"Owner","AceType":"","IsInherited":false},{"PrincipalSID":"HTB.LOCAL-S-1-5-32-548","PrincipalType":"Group","RightName":"GenericAll","AceType":"","IsInherited":false},{"PrincipalSID":"S-1-5-21-158661246-3153678129-2567348495-512","PrincipalType":"Group","RightName":"GenericAll","AceType":"","IsInherited":false},{"PrincipalSID":"S-1-5-21-158661246-3153678129-2567348495-1157","PrincipalType":"Group","RightName":"ExtendedRight","AceType":"User-Force-Change-Password","IsInherited":true},{"PrincipalSID":"S-1-5-21-158661246-3153678129-2567348495-1157","PrincipalType":"Group","RightName":"WriteDacl","AceType":"","IsInherited":true},{"PrincipalSID":"S-1-5-21-158661246-3153678129-2567348495-519","PrincipalType":"Group","RightName":"GenericAll","AceType":"","IsInherited":true},{"PrincipalSID":"HTB.LOCAL-S-1-5-32-544","PrincipalType":"Group","RightName":"WriteDacl","AceType":"","IsInherited":true},{"PrincipalSID":"HTB.LOCAL-S-1-5-32-544","PrincipalType":"Group","RightName":"WriteOwner","AceType":"","IsInherited":true},{"PrincipalSID":"HTB.LOCAL-S-1-5-32-544","PrincipalType":"Group","RightName":"ExtendedRight","AceType":"All","IsInherited":true},{"PrincipalSID":"HTB.LOCAL-S-1-5-32-544","PrincipalType":"Group","RightName":"GenericWrite","AceType":"","IsInherited":true}]},{"Properties":{"highvalue":false,"name":"E.MARIN@HTB.LOCAL","domain":"HTB.LOCAL","objectid":"S-1-5-21-158661246-3153678129-2567348495-1134","distinguishedname":"CN=edward,CN=Users,DC=htb,DC=local","description":null,"dontreqpreauth":false,"passwordnotreqd":false,"unconstraineddelegation":false,"sensitive":false,"enabled":true,"pwdneverexpires":true,"lastlogon":-1,"lastlogontimestamp":-1,"pwdlastset":1595940450,"serviceprincipalnames":[],"hasspn":false,"displayname":"edward","email":"edward@htb.local","title":null,"homedirectory":null,"userpassword":null,"admincount":false,"sidhistory":[]},"AllowedToDelegate":[],"SPNTargets":[],"PrimaryGroupSid":"S-1-5-21-158661246-3153678129-2567348495-513","HasSIDHistory":[],"ObjectIdentifier":"S-1-5-21-158661246-3153678129-2567348495-1134","Aces":[{"PrincipalSID":"S-1-5-21-158661246-3153678129-2567348495-512","PrincipalType":"Group","RightName":"Owner","AceType":"","IsInherited":false},{"PrincipalSID":"HTB.LOCAL-S-1-5-32-548","PrincipalType":"Group","RightName":"GenericAll","AceType":"","IsInherited":false},{"PrincipalSID":"S-1-5-21-158661246-3153678129-2567348495-512","PrincipalType":"Group","RightName":"GenericAll","AceType":"","IsInherited":false},{"PrincipalSID":"S-1-5-21-158661246-3153678129-2567348495-1157","PrincipalType":"Group","RightName":"ExtendedRight","AceType":"User-Force-Change-Password","IsInherited":true},{"PrincipalSID":"S-1-5-21-158661246-3153678129-2567348495-1157","PrincipalType":"Group","RightName":"WriteDacl","AceType":"","IsInherited":true},{"PrincipalSID":"S-1-5-21-158661246-3153678129-2567348495-519","PrincipalType":"Group","RightName":"GenericAll","AceType":"","IsInherited":true},{"PrincipalSID":"HTB.LOCAL-S-1-5-32-544","PrincipalType":"Group","RightName":"WriteDacl","AceType":"","IsInherited":true},{"PrincipalSID":"HTB.LOCAL-S-1-5-32-544","PrincipalType":"Group","RightName":"WriteOwner","AceType":"","IsInherited":true},{"PrincipalSID":"HTB.LOCAL-S-1-5-32-544","PrincipalType":"Group","RightName":"ExtendedRight","AceType":"All","IsInherited":true},{"PrincipalSID":"HTB.LOCAL-S-1-5-32-544","PrincipalType":"Group","RightName":"GenericWrite","AceType":"","IsInherited":true}]},{"Properties":{"highvalue":false,"name":"W.THOMPSON@HTB.LOCAL","domain":"HTB.LOCAL","objectid":"S-1-5-21-158661246-3153678129-2567348495-1136","distinguishedname":"CN=william,CN=Users,DC=htb,DC=local","description":null,"dontreqpreauth":false,"passwordnotreqd":false,"unconstraineddelegation":false,"sensitive":false,"enabled":true,"pwdneverexpires":true,"lastlogon":-1,"lastlogontimestamp":-1,"pwdlastset":1595940451,"serviceprincipalnames":[],"hasspn":false,"displayname":"william","email":"william@htb.local","title":null,"homedirectory":null,"userpassword":null,"admincount":false,"sidhistory":[]},"AllowedToDelegate":[],"SPNTargets":[],"PrimaryGroupSid":"S-1-5-21-158661246-3153678129-2567348495-513","HasSIDHistory":[],"ObjectIdentifier":"S-1-5-21-158661246-3153678129-2567348495-1136","Aces":[{"PrincipalSID":"S-1-5-21-158661246-3153678129-2567348495-512","PrincipalType":"Group","RightName":"Owner","AceType":"","IsInherited":false},{"PrincipalSID":"HTB.LOCAL-S-1-5-32-548","PrincipalType":"Group","RightName":"GenericAll","AceType":"","IsInherited":false},{"PrincipalSID":"S-1-5-21-158661246-3153678129-2567348495-512","PrincipalType":"Group","RightName":"GenericAll","AceType":"","IsInherited":false},{"PrincipalSID":"S-1-5-21-158661246-3153678129-2567348495-1157","PrincipalType":"Group","RightName":"ExtendedRight","AceType":"User-Force-Change-Password","IsInherited":true},{"PrincipalSID":"S-1-5-21-158661246-3153678129-2567348495-1157","PrincipalType":"Group","RightName":"WriteDacl","AceType":"","IsInherited":true},{"PrincipalSID":"S-1-5-21-158661246-3153678129-2567348495-519","PrincipalType":"Group","RightName":"GenericAll","AceType":"","IsInherited":true},{"PrincipalSID":"HTB.LOCAL-S-1-5-32-544","PrincipalType":"Group","RightName":"WriteDacl","AceType":"","IsInherited":true},{"PrincipalSID":"HTB.LOCAL-S-1-5-32-544","PrincipalType":"Group","RightName":"WriteOwner","AceType":"","IsInherited":true},{"PrincipalSID":"HTB.LOCAL-S-1-5-32-544","PrincipalType":"Group","RightName":"ExtendedRight","AceType":"All","IsInherited":true},{"PrincipalSID":"HTB.LOCAL-S-1-5-32-544","PrincipalType":"Group","RightName":"GenericWrite","AceType":"","IsInherited":true}]},{"Properties":{"highvalue":false,"name":"R.JACKSON@HTB.LOCAL","domain":"HTB.LOCAL","objectid":"S-1-5-21-158661246-3153678129-2567348495-1138","distinguishedname":"CN=robert,CN=Users,DC=htb,DC=local","description":null,"dontreqpreauth":false,"passwordnotreqd":false,"unconstraineddelegation":false,"sensitive":false,"enabled":true,"pwdneverexpires":true,"lastlogon":-1,"lastlogontimestamp":-1,"pwdlastset":1595940457,"serviceprincipalnames":[],"hasspn":false,"displayname":"robert","email":"robert@htb.local","title":null,"homedirectory":null,"userpassword":null,"admincount":false,"sidhistory":[]},"AllowedToDelegate":[],"SPNTargets":[],"PrimaryGroupSid":"S-1-5-21-158661246-3153678129-2567348495-513","HasSIDHistory":[],"ObjectIdentifier":"S-1-5-21-158661246-3153678129-2567348495-1138","Aces":[{"PrincipalSID":"S-1-5-21-158661246-3153678129-2567348495-512","PrincipalType":"Group","RightName":"Owner","AceType":"","IsInherited":false},{"PrincipalSID":"HTB.LOCAL-S-1-5-32-548","PrincipalType":"Group","RightName":"GenericAll","AceType":"","IsInherited":false},{"PrincipalSID":"S-1-5-21-158661246-3153678129-2567348495-512","PrincipalType":"Group","RightName":"GenericAll","AceType":"","IsInherited":false},{"PrincipalSID":"S-1-5-21-158661246-3153678129-2567348495-1157","PrincipalType":"Group","RightName":"ExtendedRight","AceType":"User-Force-Change-Password","IsInherited":true},{"PrincipalSID":"S-1-5-21-158661246-3153678129-2567348495-1157","PrincipalType":"Group","RightName":"WriteDacl","AceType":"","IsInherited":true},{"PrincipalSID":"S-1-5-21-158661246-3153678129-2567348495-519","PrincipalType":"Group","RightName":"GenericAll","AceType":"","IsInherited":true},{"PrincipalSID":"HTB.LOCAL-S-1-5-32-544","PrincipalType":"Group","RightName":"WriteDacl","AceType":"","IsInherited":true},{"PrincipalSID":"HTB.LOCAL-S-1-5-32-544","PrincipalType":"Group","RightName":"WriteOwner","AceType":"","IsInherited":true},{"PrincipalSID":"HTB.LOCAL-S-1-5-32-544","PrincipalType":"Group","RightName":"ExtendedRight","AceType":"All","IsInherited":true},{"PrincipalSID":"HTB.LOCAL-S-1-5-32-544","PrincipalType":"Group","RightName":"GenericWrite","AceType":"","IsInherited":true}]},{"Properties":{"highvalue":false,"name":"T.MARTIN@HTB.LOCAL","domain":"HTB.LOCAL","objectid":"S-1-5-21-158661246-3153678129-2567348495-1137","distinguishedname":"CN=thomas,CN=Users,DC=htb,DC=local","description":null,"dontreqpreauth":false,"passwordnotreqd":false,"unconstraineddelegation":false,"sensitive":false,"enabled":true,"pwdneverexpires":true,"lastlogon":-1,"lastlogontimestamp":-1,"pwdlastset":1595940452,"serviceprincipalnames":[],"hasspn":false,"displayname":"thomas","email":"thomas@htb.local","title":null,"homedirectory":null,"userpassword":null,"admincount":false,"sidhistory":[]},"AllowedToDelegate":[],"SPNTargets":[],"PrimaryGroupSid":"S-1-5-21-158661246-3153678129-2567348495-513","HasSIDHistory":[],"ObjectIdentifier":"S-1-5-21-158661246-3153678129-2567348495-1137","Aces":[{"PrincipalSID":"S-1-5-21-158661246-3153678129-2567348495-512","PrincipalType":"Group","RightName":"Owner","AceType":"","IsInherited":false},{"PrincipalSID":"HTB.LOCAL-S-1-5-32-548","PrincipalType":"Group","RightName":"GenericAll","AceType":"","IsInherited":false},{"PrincipalSID":"S-1-5-21-158661246-3153678129-2567348495-512","PrincipalType":"Group","RightName":"GenericAll","AceType":"","IsInherited":false},{"PrincipalSID":"S-1-5-21-158661246-3153678129-2567348495-1157","PrincipalType":"Group","RightName":"ExtendedRight","AceType":"User-Force-Change-Password","IsInherited":true},{"PrincipalSID":"S-1-5-21-158661246-3153678129-2567348495-1157","PrincipalType":"Group","RightName":"WriteDacl","AceType":"","IsInherited":true},{"PrincipalSID":"S-1-5-21-158661246-3153678129-2567348495-519","PrincipalType":"Group","RightName":"GenericAll","AceType":"","IsInherited":true},{"PrincipalSID":"HTB.LOCAL-S-1-5-32-544","PrincipalType":"Group","RightName":"WriteDacl","AceType":"","IsInherited":true},{"PrincipalSID":"HTB.LOCAL-S-1-5-32-544","PrincipalType":"Group","RightName":"WriteOwner","AceType":"","IsInherited":true},{"PrincipalSID":"HTB.LOCAL-S-1-5-32-544","PrincipalType":"Group","RightName":"ExtendedRight","AceType":"All","IsInherited":true},{"PrincipalSID":"HTB.LOCAL-S-1-5-32-544","PrincipalType":"Group","RightName":"GenericWrite","AceType":"","IsInherited":true}]},{"Properties":{"highvalue":false,"name":"D.TAYLOR@HTB.LOCAL","domain":"HTB.LOCAL","objectid":"S-1-5-21-158661246-3153678129-2567348495-1130","distinguishedname":"CN=david,CN=Users,DC=htb,DC=local","description":null,"dontreqpreauth":false,"passwordnotreqd":false,"unconstraineddelegation":false,"sensitive":false,"enabled":true,"pwdneverexpires":true,"lastlogon":-1,"lastlogontimestamp":-1,"pwdlastset":1595940442,"serviceprincipalnames":[],"hasspn":false,"displayname":"david","email":"david@htb.local","title":null,"homedirectory":null,"userpassword":null,"admincount":false,"sidhistory":[]},"AllowedToDelegate":[],"SPNTargets":[],"PrimaryGroupSid":"S-1-5-21-158661246-3153678129-2567348495-513","HasSIDHistory":[],"ObjectIdentifier":"S-1-5-21-158661246-3153678129-2567348495-1130","Aces":[{"PrincipalSID":"S-1-5-21-158661246-3153678129-2567348495-512","PrincipalType":"Group","RightName":"Owner","AceType":"","IsInherited":false},{"PrincipalSID":"HTB.LOCAL-S-1-5-32-548","PrincipalType":"Group","RightName":"GenericAll","AceType":"","IsInherited":false},{"PrincipalSID":"S-1-5-21-158661246-3153678129-2567348495-512","PrincipalType":"Group","RightName":"GenericAll","AceType":"","IsInherited":false},{"PrincipalSID":"S-1-5-21-158661246-3153678129-2567348495-1157","PrincipalType":"Group","RightName":"ExtendedRight","AceType":"User-Force-Change-Password","IsInherited":true},{"PrincipalSID":"S-1-5-21-158661246-3153678129-2567348495-1157","PrincipalType":"Group","RightName":"WriteDacl","AceType":"","IsInherited":true},{"PrincipalSID":"S-1-5-21-158661246-3153678129-2567348495-519","PrincipalType":"Group","RightName":"GenericAll","AceType":"","IsInherited":true},{"PrincipalSID":"HTB.LOCAL-S-1-5-32-544","PrincipalType":"Group","RightName":"WriteDacl","AceType":"","IsInherited":true},{"PrincipalSID":"HTB.LOCAL-S-1-5-32-544","PrincipalType":"Group","RightName":"WriteOwner","AceType":"","IsInherited":true},{"PrincipalSID":"HTB.LOCAL-S-1-5-32-544","PrincipalType":"Group","RightName":"ExtendedRight","AceType":"All","IsInherited":true},{"PrincipalSID":"HTB.LOCAL-S-1-5-32-544","PrincipalType":"Group","RightName":"GenericWrite","AceType":"","IsInherited":true}]},{"Properties":{"highvalue":false,"name":"S.MOOIRE@HTB.LOCAL","domain":"HTB.LOCAL","objectid":"S-1-5-21-158661246-3153678129-2567348495-1139","distinguishedname":"CN=steven,CN=Users,DC=htb,DC=local","description":null,"dontreqpreauth":false,"passwordnotreqd":false,"unconstraineddelegation":false,"sensitive":false,"enabled":true,"pwdneverexpires":true,"lastlogon":-1,"lastlogontimestamp":-1,"pwdlastset":1595940457,"serviceprincipalnames":[],"hasspn":false,"displayname":"steven","email":"steven@htb.local","title":null,"homedirectory":null,"userpassword":null,"admincount":false,"sidhistory":[]},"AllowedToDelegate":[],"SPNTargets":[],"PrimaryGroupSid":"S-1-5-21-158661246-3153678129-2567348495-513","HasSIDHistory":[],"ObjectIdentifier":"S-1-5-21-158661246-3153678129-2567348495-1139","Aces":[{"PrincipalSID":"S-1-5-21-158661246-3153678129-2567348495-512","PrincipalType":"Group","RightName":"Owner","AceType":"","IsInherited":false},{"PrincipalSID":"HTB.LOCAL-S-1-5-32-548","PrincipalType":"Group","RightName":"GenericAll","AceType":"","IsInherited":false},{"PrincipalSID":"S-1-5-21-158661246-3153678129-2567348495-512","PrincipalType":"Group","RightName":"GenericAll","AceType":"","IsInherited":false},{"PrincipalSID":"S-1-5-21-158661246-3153678129-2567348495-1157","PrincipalType":"Group","RightName":"ExtendedRight","AceType":"User-Force-Change-Password","IsInherited":true},{"PrincipalSID":"S-1-5-21-158661246-3153678129-2567348495-1157","PrincipalType":"Group","RightName":"WriteDacl","AceType":"","IsInherited":true},{"PrincipalSID":"S-1-5-21-158661246-3153678129-2567348495-519","PrincipalType":"Group","RightName":"GenericAll","AceType":"","IsInherited":true},{"PrincipalSID":"HTB.LOCAL-S-1-5-32-544","PrincipalType":"Group","RightName":"WriteDacl","AceType":"","IsInherited":true},{"PrincipalSID":"HTB.LOCAL-S-1-5-32-544","PrincipalType":"Group","RightName":"WriteOwner","AceType":"","IsInherited":true},{"PrincipalSID":"HTB.LOCAL-S-1-5-32-544","PrincipalType":"Group","RightName":"ExtendedRight","AceType":"All","IsInherited":true},{"PrincipalSID":"HTB.LOCAL-S-1-5-32-544","PrincipalType":"Group","RightName":"GenericWrite","AceType":"","IsInherited":true}]},{"Properties":{"highvalue":false,"name":"K.JACKSON@HTB.LOCAL","domain":"HTB.LOCAL","objectid":"S-1-5-21-158661246-3153678129-2567348495-1140","distinguishedname":"CN=kevin,CN=Users,DC=htb,DC=local","description":null,"dontreqpreauth":false,"passwordnotreqd":false,"unconstraineddelegation":false,"sensitive":false,"enabled":true,"pwdneverexpires":true,"lastlogon":-1,"lastlogontimestamp":-1,"pwdlastset":1595940458,"serviceprincipalnames":[],"hasspn":false,"displayname":"kevin","email":"kevin@htb.local","title":null,"homedirectory":null,"userpassword":null,"admincount":false,"sidhistory":[]},"AllowedToDelegate":[],"SPNTargets":[],"PrimaryGroupSid":"S-1-5-21-158661246-3153678129-2567348495-513","HasSIDHistory":[],"ObjectIdentifier":"S-1-5-21-158661246-3153678129-2567348495-1140","Aces":[{"PrincipalSID":"S-1-5-21-158661246-3153678129-2567348495-512","PrincipalType":"Group","RightName":"Owner","AceType":"","IsInherited":false},{"PrincipalSID":"HTB.LOCAL-S-1-5-32-548","PrincipalType":"Group","RightName":"GenericAll","AceType":"","IsInherited":false},{"PrincipalSID":"S-1-5-21-158661246-3153678129-2567348495-512","PrincipalType":"Group","RightName":"GenericAll","AceType":"","IsInherited":false},{"PrincipalSID":"S-1-5-21-158661246-3153678129-2567348495-1157","PrincipalType":"Group","RightName":"ExtendedRight","AceType":"User-Force-Change-Password","IsInherited":true},{"PrincipalSID":"S-1-5-21-158661246-3153678129-2567348495-1157","PrincipalType":"Group","RightName":"WriteDacl","AceType":"","IsInherited":true},{"PrincipalSID":"S-1-5-21-158661246-3153678129-2567348495-519","PrincipalType":"Group","RightName":"GenericAll","AceType":"","IsInherited":true},{"PrincipalSID":"HTB.LOCAL-S-1-5-32-544","PrincipalType":"Group","RightName":"WriteDacl","AceType":"","IsInherited":true},{"PrincipalSID":"HTB.LOCAL-S-1-5-32-544","PrincipalType":"Group","RightName":"WriteOwner","AceType":"","IsInherited":true},{"PrincipalSID":"HTB.LOCAL-S-1-5-32-544","PrincipalType":"Group","RightName":"ExtendedRight","AceType":"All","IsInherited":true},{"PrincipalSID":"HTB.LOCAL-S-1-5-32-544","PrincipalType":"Group","RightName":"GenericWrite","AceType":"","IsInherited":true}]},{"Properties":{"highvalue":false,"name":"R.MARTIN@HTB.LOCAL","domain":"HTB.LOCAL","objectid":"S-1-5-21-158661246-3153678129-2567348495-1141","distinguishedname":"CN=robin,CN=Users,DC=htb,DC=local","description":null,"dontreqpreauth":false,"passwordnotreqd":false,"unconstraineddelegation":false,"sensitive":false,"enabled":true,"pwdneverexpires":true,"lastlogon":-1,"lastlogontimestamp":-1,"pwdlastset":1595940464,"serviceprincipalnames":[],"hasspn":false,"displayname":"robin","email":"robin@htb.local","title":null,"homedirectory":null,"userpassword":null,"admincount":false,"sidhistory":[]},"AllowedToDelegate":[],"SPNTargets":[],"PrimaryGroupSid":"S-1-5-21-158661246-3153678129-2567348495-513","HasSIDHistory":[],"ObjectIdentifier":"S-1-5-21-158661246-3153678129-2567348495-1141","Aces":[{"PrincipalSID":"S-1-5-21-158661246-3153678129-2567348495-512","PrincipalType":"Group","RightName":"Owner","AceType":"","IsInherited":false},{"PrincipalSID":"HTB.LOCAL-S-1-5-32-548","PrincipalType":"Group","RightName":"GenericAll","AceType":"","IsInherited":false},{"PrincipalSID":"S-1-5-21-158661246-3153678129-2567348495-512","PrincipalType":"Group","RightName":"GenericAll","AceType":"","IsInherited":false},{"PrincipalSID":"S-1-5-21-158661246-3153678129-2567348495-1157","PrincipalType":"Group","RightName":"ExtendedRight","AceType":"User-Force-Change-Password","IsInherited":true},{"PrincipalSID":"S-1-5-21-158661246-3153678129-2567348495-1157","PrincipalType":"Group","RightName":"WriteDacl","AceType":"","IsInherited":true},{"PrincipalSID":"S-1-5-21-158661246-3153678129-2567348495-519","PrincipalType":"Group","RightName":"GenericAll","AceType":"","IsInherited":true},{"PrincipalSID":"HTB.LOCAL-S-1-5-32-544","PrincipalType":"Group","RightName":"WriteDacl","AceType":"","IsInherited":true},{"PrincipalSID":"HTB.LOCAL-S-1-5-32-544","PrincipalType":"Group","RightName":"WriteOwner","AceType":"","IsInherited":true},{"PrincipalSID":"HTB.LOCAL-S-1-5-32-544","PrincipalType":"Group","RightName":"ExtendedRight","AceType":"All","IsInherited":true},{"PrincipalSID":"HTB.LOCAL-S-1-5-32-544","PrincipalType":"Group","RightName":"GenericWrite","AceType":"","IsInherited":true}]},{"Properties":{"highvalue":false,"name":"SM_FFFA25E273CB4E9BB@HTB.LOCAL","domain":"HTB.LOCAL","objectid":"S-1-5-21-158661246-3153678129-2567348495-1160","distinguishedname":"CN=SystemMailbox{1f05a927-6d38-4430-a2ac-ecaed24ce7c4},CN=Users,DC=htb,DC=local","description":null,"dontreqpreauth":false,"passwordnotreqd":false,"unconstraineddelegation":false,"sensitive":false,"enabled":false,"pwdneverexpires":true,"lastlogon":-1,"lastlogontimestamp":-1,"pwdlastset":-1,"serviceprincipalnames":[],"hasspn":false,"displayname":"Microsoft Exchange Approval Assistant","email":"SystemMailbox{1f05a927-6d38-4430-a2ac-ecaed24ce7c4}@htb.local","title":null,"homedirectory":null,"userpassword":null,"admincount":false,"sidhistory":[]},"AllowedToDelegate":[],"SPNTargets":[],"PrimaryGroupSid":"S-1-5-21-158661246-3153678129-2567348495-513","HasSIDHistory":[],"ObjectIdentifier":"S-1-5-21-158661246-3153678129-2567348495-1160","Aces":[{"PrincipalSID":"S-1-5-21-158661246-3153678129-2567348495-512","PrincipalType":"Group","RightName":"Owner","AceType":"","IsInherited":false},{"PrincipalSID":"HTB.LOCAL-S-1-5-32-548","PrincipalType":"Group","RightName":"GenericAll","AceType":"","IsInherited":false},{"PrincipalSID":"S-1-5-21-158661246-3153678129-2567348495-512","PrincipalType":"Group","RightName":"GenericAll","AceType":"","IsInherited":false},{"PrincipalSID":"S-1-5-21-158661246-3153678129-2567348495-1144","PrincipalType":"Group","RightName":"GenericAll","AceType":"","IsInherited":false},{"PrincipalSID":"S-1-5-21-158661246-3153678129-2567348495-1157","PrincipalType":"Group","RightName":"ExtendedRight","AceType":"User-Force-Change-Password","IsInherited":true},{"PrincipalSID":"S-1-5-21-158661246-3153678129-2567348495-1157","PrincipalType":"Group","RightName":"WriteDacl","AceType":"","IsInherited":true},{"PrincipalSID":"S-1-5-21-158661246-3153678129-2567348495-519","PrincipalType":"Group","RightName":"GenericAll","AceType":"","IsInherited":true},{"PrincipalSID":"HTB.LOCAL-S-1-5-32-544","PrincipalType":"Group","RightName":"WriteDacl","AceType":"","IsInherited":true},{"PrincipalSID":"HTB.LOCAL-S-1-5-32-544","PrincipalType":"Group","RightName":"WriteOwner","AceType":"","IsInherited":true},{"PrincipalSID":"HTB.LOCAL-S-1-5-32-544","PrincipalType":"Group","RightName":"ExtendedRight","AceType":"All","IsInherited":true},{"PrincipalSID":"HTB.LOCAL-S-1-5-32-544","PrincipalType":"Group","RightName":"GenericWrite","AceType":"","IsInherited":true}]},{"Properties":{"highvalue":false,"name":"M.MOORE@HTB.LOCAL","domain":"HTB.LOCAL","objectid":"S-1-5-21-158661246-3153678129-2567348495-1142","distinguishedname":"CN=marshall,CN=Users,DC=htb,DC=local","description":null,"dontreqpreauth":false,"passwordnotreqd":false,"unconstraineddelegation":false,"sensitive":false,"enabled":true,"pwdneverexpires":true,"lastlogon":-1,"lastlogontimestamp":-1,"pwdlastset":1595940464,"serviceprincipalnames":[],"hasspn":false,"displayname":"marshall","email":"marshall@htb.local","title":null,"homedirectory":null,"userpassword":null,"admincount":false,"sidhistory":[]},"AllowedToDelegate":[],"SPNTargets":[],"PrimaryGroupSid":"S-1-5-21-158661246-3153678129-2567348495-513","HasSIDHistory":[],"ObjectIdentifier":"S-1-5-21-158661246-3153678129-2567348495-1142","Aces":[{"PrincipalSID":"S-1-5-21-158661246-3153678129-2567348495-512","PrincipalType":"Group","RightName":"Owner","AceType":"","IsInherited":false},{"PrincipalSID":"HTB.LOCAL-S-1-5-32-548","PrincipalType":"Group","RightName":"GenericAll","AceType":"","IsInherited":false},{"PrincipalSID":"S-1-5-21-158661246-3153678129-2567348495-512","PrincipalType":"Group","RightName":"GenericAll","AceType":"","IsInherited":false},{"PrincipalSID":"S-1-5-21-158661246-3153678129-2567348495-1157","PrincipalType":"Group","RightName":"ExtendedRight","AceType":"User-Force-Change-Password","IsInherited":true},{"PrincipalSID":"S-1-5-21-158661246-3153678129-2567348495-1157","PrincipalType":"Group","RightName":"WriteDacl","AceType":"","IsInherited":true},{"PrincipalSID":"S-1-5-21-158661246-3153678129-2567348495-519","PrincipalType":"Group","RightName":"GenericAll","AceType":"","IsInherited":true},{"PrincipalSID":"HTB.LOCAL-S-1-5-32-544","PrincipalType":"Group","RightName":"WriteDacl","AceType":"","IsInherited":true},{"PrincipalSID":"HTB.LOCAL-S-1-5-32-544","PrincipalType":"Group","RightName":"WriteOwner","AceType":"","IsInherited":true},{"PrincipalSID":"HTB.LOCAL-S-1-5-32-544","PrincipalType":"Group","RightName":"ExtendedRight","AceType":"All","IsInherited":true},{"PrincipalSID":"HTB.LOCAL-S-1-5-32-544","PrincipalType":"Group","RightName":"GenericWrite","AceType":"","IsInherited":true}]},{"Properties":{"highvalue":false,"name":"R.TAYOR@HTB.LOCAL","domain":"HTB.LOCAL","objectid":"S-1-5-21-158661246-3153678129-2567348495-1143","distinguishedname":"CN=ronald,CN=Users,DC=htb,DC=local","description":null,"dontreqpreauth":false,"passwordnotreqd":false,"unconstraineddelegation":false,"sensitive":false,"enabled":true,"pwdneverexpires":true,"lastlogon":-1,"lastlogontimestamp":-1,"pwdlastset":1595940465,"serviceprincipalnames":[],"hasspn":false,"displayname":"ronald","email":"ronald@htb.local","title":null,"homedirectory":null,"userpassword":null,"admincount":false,"sidhistory":[]},"AllowedToDelegate":[],"SPNTargets":[],"PrimaryGroupSid":"S-1-5-21-158661246-3153678129-2567348495-513","HasSIDHistory":[],"ObjectIdentifier":"S-1-5-21-158661246-3153678129-2567348495-1143","Aces":[{"PrincipalSID":"S-1-5-21-158661246-3153678129-2567348495-512","PrincipalType":"Group","RightName":"Owner","AceType":"","IsInherited":false},{"PrincipalSID":"HTB.LOCAL-S-1-5-32-548","PrincipalType":"Group","RightName":"GenericAll","AceType":"","IsInherited":false},{"PrincipalSID":"S-1-5-21-158661246-3153678129-2567348495-512","PrincipalType":"Group","RightName":"GenericAll","AceType":"","IsInherited":false},{"PrincipalSID":"S-1-5-21-158661246-3153678129-2567348495-1157","PrincipalType":"Group","RightName":"ExtendedRight","AceType":"User-Force-Change-Password","IsInherited":true},{"PrincipalSID":"S-1-5-21-158661246-3153678129-2567348495-1157","PrincipalType":"Group","RightName":"WriteDacl","AceType":"","IsInherited":true},{"PrincipalSID":"S-1-5-21-158661246-3153678129-2567348495-519","PrincipalType":"Group","RightName":"GenericAll","AceType":"","IsInherited":true},{"PrincipalSID":"HTB.LOCAL-S-1-5-32-544","PrincipalType":"Group","RightName":"WriteDacl","AceType":"","IsInherited":true},{"PrincipalSID":"HTB.LOCAL-S-1-5-32-544","PrincipalType":"Group","RightName":"WriteOwner","AceType":"","IsInherited":true},{"PrincipalSID":"HTB.LOCAL-S-1-5-32-544","PrincipalType":"Group","RightName":"ExtendedRight","AceType":"All","IsInherited":true},{"PrincipalSID":"HTB.LOCAL-S-1-5-32-544","PrincipalType":"Group","RightName":"GenericWrite","AceType":"","IsInherited":true}]},{"Properties":{"highvalue":false,"name":"SM_D8C9A1C1FCE54BCA9@HTB.LOCAL","domain":"HTB.LOCAL","objectid":"S-1-5-21-158661246-3153678129-2567348495-1161","distinguishedname":"CN=SystemMailbox{e0dc1c29-89c3-4034-b678-e6c29d823ed9},CN=Users,DC=htb,DC=local","description":null,"dontreqpreauth":false,"passwordnotreqd":false,"unconstraineddelegation":false,"sensitive":false,"enabled":false,"pwdneverexpires":true,"lastlogon":-1,"lastlogontimestamp":-1,"pwdlastset":-1,"serviceprincipalnames":[],"hasspn":false,"displayname":"Microsoft Exchange","email":"SystemMailbox{e0dc1c29-89c3-4034-b678-e6c29d823ed9}@htb.local","title":null,"homedirectory":null,"userpassword":null,"admincount":false,"sidhistory":[]},"AllowedToDelegate":[],"SPNTargets":[],"PrimaryGroupSid":"S-1-5-21-158661246-3153678129-2567348495-513","HasSIDHistory":[],"ObjectIdentifier":"S-1-5-21-158661246-3153678129-2567348495-1161","Aces":[{"PrincipalSID":"S-1-5-21-158661246-3153678129-2567348495-512","PrincipalType":"Group","RightName":"Owner","AceType":"","IsInherited":false},{"PrincipalSID":"HTB.LOCAL-S-1-5-32-548","PrincipalType":"Group","RightName":"GenericAll","AceType":"","IsInherited":false},{"PrincipalSID":"S-1-5-21-158661246-3153678129-2567348495-512","PrincipalType":"Group","RightName":"GenericAll","AceType":"","IsInherited":false},{"PrincipalSID":"S-1-5-21-158661246-3153678129-2567348495-1144","PrincipalType":"Group","RightName":"GenericAll","AceType":"","IsInherited":false},{"PrincipalSID":"S-1-5-21-158661246-3153678129-2567348495-1157","PrincipalType":"Group","RightName":"ExtendedRight","AceType":"User-Force-Change-Password","IsInherited":true},{"PrincipalSID":"S-1-5-21-158661246-3153678129-2567348495-1157","PrincipalType":"Group","RightName":"WriteDacl","AceType":"","IsInherited":true},{"PrincipalSID":"S-1-5-21-158661246-3153678129-2567348495-519","PrincipalType":"Group","RightName":"GenericAll","AceType":"","IsInherited":true},{"PrincipalSID":"HTB.LOCAL-S-1-5-32-544","PrincipalType":"Group","RightName":"WriteDacl","AceType":"","IsInherited":true},{"PrincipalSID":"HTB.LOCAL-S-1-5-32-544","PrincipalType":"Group","RightName":"WriteOwner","AceType":"","IsInherited":true},{"PrincipalSID":"HTB.LOCAL-S-1-5-32-544","PrincipalType":"Group","RightName":"ExtendedRight","AceType":"All","IsInherited":true},{"PrincipalSID":"HTB.LOCAL-S-1-5-32-544","PrincipalType":"Group","RightName":"GenericWrite","AceType":"","IsInherited":true}]},{"Properties":{"highvalue":false,"name":"SM_B1017128AC394C669@HTB.LOCAL","domain":"HTB.LOCAL","objectid":"S-1-5-21-158661246-3153678129-2567348495-1163","distinguishedname":"CN=FederatedEmail.4c1f4d8b-8179-4148-93bf-00a95fa1e042,CN=Users,DC=htb,DC=local","description":null,"dontreqpreauth":false,"passwordnotreqd":false,"unconstraineddelegation":false,"sensitive":false,"enabled":false,"pwdneverexpires":true,"lastlogon":-1,"lastlogontimestamp":-1,"pwdlastset":-1,"serviceprincipalnames":[],"hasspn":false,"displayname":"Microsoft Exchange Approval Assistant","email":"FederatedEmail.4c1f4d8b-8179-4148-93bf-00a95fa1e042@htb.local","title":null,"homedirectory":null,"userpassword":null,"admincount":false,"sidhistory":[]},"AllowedToDelegate":[],"SPNTargets":[],"PrimaryGroupSid":"S-1-5-21-158661246-3153678129-2567348495-513","HasSIDHistory":[],"ObjectIdentifier":"S-1-5-21-158661246-3153678129-2567348495-1163","Aces":[{"PrincipalSID":"S-1-5-21-158661246-3153678129-2567348495-512","PrincipalType":"Group","RightName":"Owner","AceType":"","IsInherited":false},{"PrincipalSID":"HTB.LOCAL-S-1-5-32-548","PrincipalType":"Group","RightName":"GenericAll","AceType":"","IsInherited":false},{"PrincipalSID":"S-1-5-21-158661246-3153678129-2567348495-512","PrincipalType":"Group","RightName":"GenericAll","AceType":"","IsInherited":false},{"PrincipalSID":"S-1-5-21-158661246-3153678129-2567348495-1144","PrincipalType":"Group","RightName":"GenericAll","AceType":"","IsInherited":false},{"PrincipalSID":"S-1-5-21-158661246-3153678129-2567348495-1157","PrincipalType":"Group","RightName":"ExtendedRight","AceType":"User-Force-Change-Password","IsInherited":true},{"PrincipalSID":"S-1-5-21-158661246-3153678129-2567348495-1157","PrincipalType":"Group","RightName":"WriteDacl","AceType":"","IsInherited":true},{"PrincipalSID":"S-1-5-21-158661246-3153678129-2567348495-519","PrincipalType":"Group","RightName":"GenericAll","AceType":"","IsInherited":true},{"PrincipalSID":"HTB.LOCAL-S-1-5-32-544","PrincipalType":"Group","RightName":"WriteDacl","AceType":"","IsInherited":true},{"PrincipalSID":"HTB.LOCAL-S-1-5-32-544","PrincipalType":"Group","RightName":"WriteOwner","AceType":"","IsInherited":true},{"PrincipalSID":"HTB.LOCAL-S-1-5-32-544","PrincipalType":"Group","RightName":"ExtendedRight","AceType":"All","IsInherited":true},{"PrincipalSID":"HTB.LOCAL-S-1-5-32-544","PrincipalType":"Group","RightName":"GenericWrite","AceType":"","IsInherited":true}]},{"Properties":{"highvalue":false,"name":"K.SVENSSON@HTB.LOCAL","domain":"HTB.LOCAL","objectid":"S-1-5-21-158661246-3153678129-2567348495-1165","distinguishedname":"CN=knut,CN=Users,DC=htb,DC=local","description":null,"dontreqpreauth":false,"passwordnotreqd":false,"unconstraineddelegation":false,"sensitive":false,"enabled":true,"pwdneverexpires":true,"lastlogon":1604358001,"lastlogontimestamp":1604301997,"pwdlastset":1596119162,"serviceprincipalnames":[],"hasspn":false,"displayname":"knut","email":"knut@htb.local","title":null,"homedirectory":null,"userpassword":null,"admincount":false,"sidhistory":[]},"AllowedToDelegate":[],"SPNTargets":[],"PrimaryGroupSid":"S-1-5-21-158661246-3153678129-2567348495-513","HasSIDHistory":[],"ObjectIdentifier":"S-1-5-21-158661246-3153678129-2567348495-1165","Aces":[{"PrincipalSID":"S-1-5-21-158661246-3153678129-2567348495-512","PrincipalType":"Group","RightName":"Owner","AceType":"","IsInherited":false},{"PrincipalSID":"HTB.LOCAL-S-1-5-32-548","PrincipalType":"Group","RightName":"GenericAll","AceType":"","IsInherited":false},{"PrincipalSID":"S-1-5-21-158661246-3153678129-2567348495-512","PrincipalType":"Group","RightName":"GenericAll","AceType":"","IsInherited":false},{"PrincipalSID":"S-1-5-21-158661246-3153678129-2567348495-1157","PrincipalType":"Group","RightName":"ExtendedRight","AceType":"User-Force-Change-Password","IsInherited":true},{"PrincipalSID":"S-1-5-21-158661246-3153678129-2567348495-1157","PrincipalType":"Group","RightName":"WriteDacl","AceType":"","IsInherited":true},{"PrincipalSID":"S-1-5-21-158661246-3153678129-2567348495-519","PrincipalType":"Group","RightName":"GenericAll","AceType":"","IsInherited":true},{"PrincipalSID":"HTB.LOCAL-S-1-5-32-544","PrincipalType":"Group","RightName":"WriteDacl","AceType":"","IsInherited":true},{"PrincipalSID":"HTB.LOCAL-S-1-5-32-544","PrincipalType":"Group","RightName":"WriteOwner","AceType":"","IsInherited":true},{"PrincipalSID":"HTB.LOCAL-S-1-5-32-544","PrincipalType":"Group","RightName":"ExtendedRight","AceType":"All","IsInherited":true},{"PrincipalSID":"HTB.LOCAL-S-1-5-32-544","PrincipalType":"Group","RightName":"GenericWrite","AceType":"","IsInherited":true}]},{"Properties":{"highvalue":false,"name":"SM_B7973AE6F38E4D1B8@HTB.LOCAL","domain":"HTB.LOCAL","objectid":"S-1-5-21-158661246-3153678129-2567348495-1162","distinguishedname":"CN=DiscoverySearchMailbox {D919BA05-46A6-415f-80AD-7E09334BB852},CN=Users,DC=htb,DC=local","description":null,"dontreqpreauth":false,"passwordnotreqd":false,"unconstraineddelegation":false,"sensitive":false,"enabled":false,"pwdneverexpires":true,"lastlogon":-1,"lastlogontimestamp":-1,"pwdlastset":-1,"serviceprincipalnames":[],"hasspn":false,"displayname":"Discovery Search Mailbox","email":"DiscoverySearchMailbox{D919BA05-46A6-415f-80AD-7E09334BB852}@htb.local","title":null,"homedirectory":null,"userpassword":null,"admincount":false,"sidhistory":[]},"AllowedToDelegate":[],"SPNTargets":[],"PrimaryGroupSid":"S-1-5-21-158661246-3153678129-2567348495-513","HasSIDHistory":[],"ObjectIdentifier":"S-1-5-21-158661246-3153678129-2567348495-1162","Aces":[{"PrincipalSID":"S-1-5-21-158661246-3153678129-2567348495-512","PrincipalType":"Group","RightName":"Owner","AceType":"","IsInherited":false},{"PrincipalSID":"HTB.LOCAL-S-1-5-32-548","PrincipalType":"Group","RightName":"GenericAll","AceType":"","IsInherited":false},{"PrincipalSID":"S-1-5-21-158661246-3153678129-2567348495-512","PrincipalType":"Group","RightName":"GenericAll","AceType":"","IsInherited":false},{"PrincipalSID":"S-1-5-21-158661246-3153678129-2567348495-1144","PrincipalType":"Group","RightName":"GenericAll","AceType":"","IsInherited":false},{"PrincipalSID":"S-1-5-21-158661246-3153678129-2567348495-1157","PrincipalType":"Group","RightName":"ExtendedRight","AceType":"User-Force-Change-Password","IsInherited":true},{"PrincipalSID":"S-1-5-21-158661246-3153678129-2567348495-1157","PrincipalType":"Group","RightName":"WriteDacl","AceType":"","IsInherited":true},{"PrincipalSID":"S-1-5-21-158661246-3153678129-2567348495-519","PrincipalType":"Group","RightName":"GenericAll","AceType":"","IsInherited":true},{"PrincipalSID":"HTB.LOCAL-S-1-5-32-544","PrincipalType":"Group","RightName":"WriteDacl","AceType":"","IsInherited":true},{"PrincipalSID":"HTB.LOCAL-S-1-5-32-544","PrincipalType":"Group","RightName":"WriteOwner","AceType":"","IsInherited":true},{"PrincipalSID":"HTB.LOCAL-S-1-5-32-544","PrincipalType":"Group","RightName":"ExtendedRight","AceType":"All","IsInherited":true},{"PrincipalSID":"HTB.LOCAL-S-1-5-32-544","PrincipalType":"Group","RightName":"GenericWrite","AceType":"","IsInherited":true}]},{"Properties":{"highvalue":false,"name":"GUEST@HTB.LOCAL","domain":"HTB.LOCAL","objectid":"S-1-5-21-158661246-3153678129-2567348495-501","distinguishedname":"CN=Guest,CN=Users,DC=htb,DC=local","description":"Built-in account for guest access to the computer/domain","dontreqpreauth":false,"passwordnotreqd":true,"unconstraineddelegation":false,"sensitive":false,"enabled":false,"pwdneverexpires":true,"lastlogon":-1,"lastlogontimestamp":-1,"pwdlastset":-1,"serviceprincipalnames":[],"hasspn":false,"displayname":null,"email":null,"title":null,"homedirectory":null,"userpassword":null,"admincount":false,"sidhistory":[]},"AllowedToDelegate":[],"SPNTargets":[],"PrimaryGroupSid":"S-1-5-21-158661246-3153678129-2567348495-514","HasSIDHistory":[],"ObjectIdentifier":"S-1-5-21-158661246-3153678129-2567348495-501","Aces":[{"PrincipalSID":"HTB.LOCAL-S-1-5-32-544","PrincipalType":"Group","RightName":"Owner","AceType":"","IsInherited":false},{"PrincipalSID":"HTB.LOCAL-S-1-5-32-544","PrincipalType":"Group","RightName":"GenericAll","AceType":"","IsInherited":false},{"PrincipalSID":"HTB.LOCAL-S-1-5-32-548","PrincipalType":"Group","RightName":"GenericAll","AceType":"","IsInherited":false},{"PrincipalSID":"S-1-5-21-158661246-3153678129-2567348495-1157","PrincipalType":"Group","RightName":"ExtendedRight","AceType":"User-Force-Change-Password","IsInherited":true},{"PrincipalSID":"S-1-5-21-158661246-3153678129-2567348495-1157","PrincipalType":"Group","RightName":"WriteDacl","AceType":"","IsInherited":true},{"PrincipalSID":"S-1-5-21-158661246-3153678129-2567348495-519","PrincipalType":"Group","RightName":"GenericAll","AceType":"","IsInherited":true},{"PrincipalSID":"HTB.LOCAL-S-1-5-32-544","PrincipalType":"Group","RightName":"WriteDacl","AceType":"","IsInherited":true},{"PrincipalSID":"HTB.LOCAL-S-1-5-32-544","PrincipalType":"Group","RightName":"WriteOwner","AceType":"","IsInherited":true},{"PrincipalSID":"HTB.LOCAL-S-1-5-32-544","PrincipalType":"Group","RightName":"ExtendedRight","AceType":"All","IsInherited":true},{"PrincipalSID":"HTB.LOCAL-S-1-5-32-544","PrincipalType":"Group","RightName":"GenericWrite","AceType":"","IsInherited":true}]},{"Properties":{"highvalue":false,"name":"ADMINISTRATOR@HTB.LOCAL","domain":"HTB.LOCAL","objectid":"S-1-5-21-158661246-3153678129-2567348495-500","distinguishedname":"CN=Administrator,CN=Users,DC=htb,DC=local","description":"Built-in account for administering the computer/domain","dontreqpreauth":false,"passwordnotreqd":false,"unconstraineddelegation":false,"sensitive":false,"enabled":true,"pwdneverexpires":true,"lastlogon":1604321932,"lastlogontimestamp":1604321915,"pwdlastset":1595939441,"serviceprincipalnames":[],"hasspn":false,"displayname":"Administrator","email":"Administrator@htb.local","title":null,"homedirectory":null,"userpassword":null,"admincount":true,"sidhistory":[]},"AllowedToDelegate":[],"SPNTargets":[],"PrimaryGroupSid":"S-1-5-21-158661246-3153678129-2567348495-513","HasSIDHistory":[],"ObjectIdentifier":"S-1-5-21-158661246-3153678129-2567348495-500","Aces":[{"PrincipalSID":"S-1-5-21-158661246-3153678129-2567348495-512","PrincipalType":"Group","RightName":"Owner","AceType":"","IsInherited":false},{"PrincipalSID":"HTB.LOCAL-S-1-5-32-544","PrincipalType":"Group","RightName":"WriteDacl","AceType":"","IsInherited":false},{"PrincipalSID":"HTB.LOCAL-S-1-5-32-544","PrincipalType":"Group","RightName":"WriteOwner","AceType":"","IsInherited":false},{"PrincipalSID":"HTB.LOCAL-S-1-5-32-544","PrincipalType":"Group","RightName":"ExtendedRight","AceType":"All","IsInherited":false},{"PrincipalSID":"HTB.LOCAL-S-1-5-32-544","PrincipalType":"Group","RightName":"GenericWrite","AceType":"","IsInherited":false},{"PrincipalSID":"S-1-5-21-158661246-3153678129-2567348495-512","PrincipalType":"Group","RightName":"WriteDacl","AceType":"","IsInherited":false},{"PrincipalSID":"S-1-5-21-158661246-3153678129-2567348495-512","PrincipalType":"Group","RightName":"WriteOwner","AceType":"","IsInherited":false},{"PrincipalSID":"S-1-5-21-158661246-3153678129-2567348495-512","PrincipalType":"Group","RightName":"ExtendedRight","AceType":"All","IsInherited":false},{"PrincipalSID":"S-1-5-21-158661246-3153678129-2567348495-512","PrincipalType":"Group","RightName":"GenericWrite","AceType":"","IsInherited":false},{"PrincipalSID":"S-1-5-21-158661246-3153678129-2567348495-519","PrincipalType":"Group","RightName":"WriteDacl","AceType":"","IsInherited":false},{"PrincipalSID":"S-1-5-21-158661246-3153678129-2567348495-519","PrincipalType":"Group","RightName":"WriteOwner","AceType":"","IsInherited":false},{"PrincipalSID":"S-1-5-21-158661246-3153678129-2567348495-519","PrincipalType":"Group","RightName":"ExtendedRight","AceType":"All","IsInherited":false},{"PrincipalSID":"S-1-5-21-158661246-3153678129-2567348495-519","PrincipalType":"Group","RightName":"GenericWrite","AceType":"","IsInherited":false}]},{"Properties":{"highvalue":false,"name":"JEA_TEST_ACCOUNT@HTB.LOCAL","domain":"HTB.LOCAL","objectid":"S-1-5-21-158661246-3153678129-2567348495-1109","distinguishedname":"CN=jea_test_account,CN=Users,DC=htb,DC=local","description":null,"dontreqpreauth":false,"passwordnotreqd":false,"unconstraineddelegation":false,"sensitive":false,"enabled":true,"pwdneverexpires":true,"lastlogon":1604357699,"lastlogontimestamp":1604357278,"pwdlastset":1595940403,"serviceprincipalnames":[],"hasspn":false,"displayname":"jea_test_account","email":"jea_test_account@htb.local","title":null,"homedirectory":null,"userpassword":null,"admincount":false,"sidhistory":[]},"AllowedToDelegate":[],"SPNTargets":[],"PrimaryGroupSid":"S-1-5-21-158661246-3153678129-2567348495-513","HasSIDHistory":[],"ObjectIdentifier":"S-1-5-21-158661246-3153678129-2567348495-1109","Aces":[{"PrincipalSID":"S-1-5-21-158661246-3153678129-2567348495-512","PrincipalType":"Group","RightName":"Owner","AceType":"","IsInherited":false},{"PrincipalSID":"HTB.LOCAL-S-1-5-32-548","PrincipalType":"Group","RightName":"GenericAll","AceType":"","IsInherited":false},{"PrincipalSID":"S-1-5-21-158661246-3153678129-2567348495-512","PrincipalType":"Group","RightName":"GenericAll","AceType":"","IsInherited":false},{"PrincipalSID":"S-1-5-21-158661246-3153678129-2567348495-1157","PrincipalType":"Group","RightName":"ExtendedRight","AceType":"User-Force-Change-Password","IsInherited":true},{"PrincipalSID":"S-1-5-21-158661246-3153678129-2567348495-1157","PrincipalType":"Group","RightName":"WriteDacl","AceType":"","IsInherited":true},{"PrincipalSID":"S-1-5-21-158661246-3153678129-2567348495-519","PrincipalType":"Group","RightName":"GenericAll","AceType":"","IsInherited":true},{"PrincipalSID":"HTB.LOCAL-S-1-5-32-544","PrincipalType":"Group","RightName":"WriteDacl","AceType":"","IsInherited":true},{"PrincipalSID":"HTB.LOCAL-S-1-5-32-544","PrincipalType":"Group","RightName":"WriteOwner","AceType":"","IsInherited":true},{"PrincipalSID":"HTB.LOCAL-S-1-5-32-544","PrincipalType":"Group","RightName":"ExtendedRight","AceType":"All","IsInherited":true},{"PrincipalSID":"HTB.LOCAL-S-1-5-32-544","PrincipalType":"Group","RightName":"GenericWrite","AceType":"","IsInherited":true}]},{"Properties":{"highvalue":false,"name":"L.LARSSON@HTB.LOCAL","domain":"HTB.LOCAL","objectid":"S-1-5-21-158661246-3153678129-2567348495-1111","distinguishedname":"CN=lars,CN=Users,DC=htb,DC=local","description":null,"dontreqpreauth":false,"passwordnotreqd":false,"unconstraineddelegation":false,"sensitive":false,"enabled":true,"pwdneverexpires":true,"lastlogon":-1,"lastlogontimestamp":-1,"pwdlastset":1595940403,"serviceprincipalnames":[],"hasspn":false,"displayname":"lars","email":"lars@htb.local","title":null,"homedirectory":null,"userpassword":null,"admincount":false,"sidhistory":[]},"AllowedToDelegate":[],"SPNTargets":[],"PrimaryGroupSid":"S-1-5-21-158661246-3153678129-2567348495-513","HasSIDHistory":[],"ObjectIdentifier":"S-1-5-21-158661246-3153678129-2567348495-1111","Aces":[{"PrincipalSID":"S-1-5-21-158661246-3153678129-2567348495-512","PrincipalType":"Group","RightName":"Owner","AceType":"","IsInherited":false},{"PrincipalSID":"HTB.LOCAL-S-1-5-32-548","PrincipalType":"Group","RightName":"GenericAll","AceType":"","IsInherited":false},{"PrincipalSID":"S-1-5-21-158661246-3153678129-2567348495-512","PrincipalType":"Group","RightName":"GenericAll","AceType":"","IsInherited":false},{"PrincipalSID":"S-1-5-21-158661246-3153678129-2567348495-1157","PrincipalType":"Group","RightName":"ExtendedRight","AceType":"User-Force-Change-Password","IsInherited":true},{"PrincipalSID":"S-1-5-21-158661246-3153678129-2567348495-1157","PrincipalType":"Group","RightName":"WriteDacl","AceType":"","IsInherited":true},{"PrincipalSID":"S-1-5-21-158661246-3153678129-2567348495-519","PrincipalType":"Group","RightName":"GenericAll","AceType":"","IsInherited":true},{"PrincipalSID":"HTB.LOCAL-S-1-5-32-544","PrincipalType":"Group","RightName":"WriteDacl","AceType":"","IsInherited":true},{"PrincipalSID":"HTB.LOCAL-S-1-5-32-544","PrincipalType":"Group","RightName":"WriteOwner","AceType":"","IsInherited":true},{"PrincipalSID":"HTB.LOCAL-S-1-5-32-544","PrincipalType":"Group","RightName":"ExtendedRight","AceType":"All","IsInherited":true},{"PrincipalSID":"HTB.LOCAL-S-1-5-32-544","PrincipalType":"Group","RightName":"GenericWrite","AceType":"","IsInherited":true}]}],"meta":{"count":43,"type":"users","version":3}}