﻿{"computers":[{"Properties":{"haslaps":false,"highvalue":false,"name":"REEL2.HTB.LOCAL","domain":"HTB.LOCAL","objectid":"S-1-5-21-158661246-3153678129-2567348495-1001","distinguishedname":"CN=REEL2,OU=Domain Controllers,DC=htb,DC=local","description":null,"enabled":true,"unconstraineddelegation":true,"serviceprincipalnames":["WSMAN/Reel2","WSMAN/Reel2.htb.local","exchangeRFR/REEL2","exchangeRFR/Reel2.htb.local","exchangeMDB/Reel2.htb.local","exchangeMDB/REEL2","exchangeAB/REEL2","exchangeAB/Reel2.htb.local","SMTP/REEL2","SMTP/Reel2.htb.local","SmtpSvc/REEL2","SmtpSvc/Reel2.htb.local","Dfsr-12F9A27C-BF97-4787-9364-D31B6C55EB04/Reel2.htb.local","ldap/Reel2.htb.local/ForestDnsZones.htb.local","ldap/Reel2.htb.local/DomainDnsZones.htb.local","DNS/Reel2.htb.local","GC/Reel2.htb.local/htb.local","RestrictedKrbHost/Reel2.htb.local","RestrictedKrbHost/REEL2","RPC/fa45d310-cead-40db-924c-5d99eeff882b._msdcs.htb.local","HOST/REEL2/HTB","HOST/Reel2.htb.local/HTB","HOST/REEL2","HOST/Reel2.htb.local","HOST/Reel2.htb.local/htb.local","E3514235-4B06-11D1-AB04-00C04FC2DCD2/fa45d310-cead-40db-924c-5d99eeff882b/htb.local","ldap/REEL2/HTB","ldap/fa45d310-cead-40db-924c-5d99eeff882b._msdcs.htb.local","ldap/Reel2.htb.local/HTB","ldap/REEL2","ldap/Reel2.htb.local","ldap/Reel2.htb.local/htb.local"],"lastlogontimestamp":1604301948,"pwdlastset":1602163612,"operatingsystem":"Windows Server 2012 R2 Standard"},"AllowedToDelegate":[],"AllowedToAct":[],"PrimaryGroupSid":"S-1-5-21-158661246-3153678129-2567348495-516","Sessions":[{"UserId":"S-1-5-21-158661246-3153678129-2567348495-1165","ComputerId":"S-1-5-21-158661246-3153678129-2567348495-1001"}],"LocalAdmins":[{"MemberId":"S-1-5-21-158661246-3153678129-2567348495-500","MemberType":"User"},{"MemberId":"S-1-5-21-158661246-3153678129-2567348495-519","MemberType":"Group"},{"MemberId":"S-1-5-21-158661246-3153678129-2567348495-512","MemberType":"Group"},{"MemberId":"S-1-5-21-158661246-3153678129-2567348495-1144","MemberType":"Group"},{"MemberId":"S-1-5-21-158661246-3153678129-2567348495-1156","MemberType":"Group"}],"RemoteDesktopUsers":[],"DcomUsers":[],"PSRemoteUsers":[],"ObjectIdentifier":"S-1-5-21-158661246-3153678129-2567348495-1001","Aces":[{"PrincipalSID":"S-1-5-21-158661246-3153678129-2567348495-512","PrincipalType":"Group","RightName":"Owner","AceType":"","IsInherited":false},{"PrincipalSID":"HTB.LOCAL-S-1-5-32-544","PrincipalType":"Group","RightName":"WriteDacl","AceType":"","IsInherited":false},{"PrincipalSID":"HTB.LOCAL-S-1-5-32-544","PrincipalType":"Group","RightName":"WriteOwner","AceType":"","IsInherited":false},{"PrincipalSID":"HTB.LOCAL-S-1-5-32-544","PrincipalType":"Group","RightName":"GenericWrite","AceType":"","IsInherited":false},{"PrincipalSID":"S-1-5-21-158661246-3153678129-2567348495-512","PrincipalType":"Group","RightName":"WriteDacl","AceType":"","IsInherited":false},{"PrincipalSID":"S-1-5-21-158661246-3153678129-2567348495-512","PrincipalType":"Group","RightName":"WriteOwner","AceType":"","IsInherited":false},{"PrincipalSID":"S-1-5-21-158661246-3153678129-2567348495-512","PrincipalType":"Group","RightName":"GenericWrite","AceType":"","IsInherited":false},{"PrincipalSID":"S-1-5-21-158661246-3153678129-2567348495-519","PrincipalType":"Group","RightName":"WriteDacl","AceType":"","IsInherited":false},{"PrincipalSID":"S-1-5-21-158661246-3153678129-2567348495-519","PrincipalType":"Group","RightName":"WriteOwner","AceType":"","IsInherited":false},{"PrincipalSID":"S-1-5-21-158661246-3153678129-2567348495-519","PrincipalType":"Group","RightName":"GenericWrite","AceType":"","IsInherited":false}]}],"meta":{"count":1,"type":"computers","version":3}}