﻿{"groups":[{"Properties":{"highvalue":true,"name":"ADMINISTRATORS@CASCADE.LOCAL","domain":"CASCADE.LOCAL","objectid":"CASCADE.LOCAL-S-1-5-32-544","distinguishedname":"CN=Administrators,CN=Builtin,DC=cascade,DC=local","description":"Administrators have complete and unrestricted access to the computer/domain","admincount":true},"Members":[{"MemberId":"S-1-5-21-3332504370-1206983947-1165150453-512","MemberType":"Group"},{"MemberId":"S-1-5-21-3332504370-1206983947-1165150453-519","MemberType":"Group"},{"MemberId":"S-1-5-21-3332504370-1206983947-1165150453-500","MemberType":"User"}],"ObjectIdentifier":"CASCADE.LOCAL-S-1-5-32-544","Aces":[{"PrincipalSID":"S-1-5-21-3332504370-1206983947-1165150453-512","PrincipalType":"Group","RightName":"Owner","AceType":"","IsInherited":false},{"PrincipalSID":"CASCADE.LOCAL-S-1-5-32-544","PrincipalType":"Group","RightName":"WriteDacl","AceType":"","IsInherited":false},{"PrincipalSID":"CASCADE.LOCAL-S-1-5-32-544","PrincipalType":"Group","RightName":"WriteOwner","AceType":"","IsInherited":false},{"PrincipalSID":"CASCADE.LOCAL-S-1-5-32-544","PrincipalType":"Group","RightName":"GenericWrite","AceType":"","IsInherited":false},{"PrincipalSID":"S-1-5-21-3332504370-1206983947-1165150453-512","PrincipalType":"Group","RightName":"WriteDacl","AceType":"","IsInherited":false},{"PrincipalSID":"S-1-5-21-3332504370-1206983947-1165150453-512","PrincipalType":"Group","RightName":"WriteOwner","AceType":"","IsInherited":false},{"PrincipalSID":"S-1-5-21-3332504370-1206983947-1165150453-512","PrincipalType":"Group","RightName":"GenericWrite","AceType":"","IsInherited":false},{"PrincipalSID":"S-1-5-21-3332504370-1206983947-1165150453-519","PrincipalType":"Group","RightName":"WriteDacl","AceType":"","IsInherited":false},{"PrincipalSID":"S-1-5-21-3332504370-1206983947-1165150453-519","PrincipalType":"Group","RightName":"WriteOwner","AceType":"","IsInherited":false},{"PrincipalSID":"S-1-5-21-3332504370-1206983947-1165150453-519","PrincipalType":"Group","RightName":"GenericWrite","AceType":"","IsInherited":false}]},{"Properties":{"highvalue":false,"name":"GUESTS@CASCADE.LOCAL","domain":"CASCADE.LOCAL","objectid":"CASCADE.LOCAL-S-1-5-32-546","distinguishedname":"CN=Guests,CN=Builtin,DC=cascade,DC=local","description":"Guests have the same access as members of the Users group by default, except for the Guest account which is further restricted","admincount":false},"Members":[{"MemberId":"S-1-5-21-3332504370-1206983947-1165150453-514","MemberType":"Group"},{"MemberId":"S-1-5-21-3332504370-1206983947-1165150453-501","MemberType":"User"}],"ObjectIdentifier":"CASCADE.LOCAL-S-1-5-32-546","Aces":[{"PrincipalSID":"CASCADE.LOCAL-S-1-5-32-544","PrincipalType":"Group","RightName":"Owner","AceType":"","IsInherited":false},{"PrincipalSID":"CASCADE.LOCAL-S-1-5-32-548","PrincipalType":"Group","RightName":"GenericAll","AceType":"","IsInherited":false},{"PrincipalSID":"S-1-5-21-3332504370-1206983947-1165150453-512","PrincipalType":"Group","RightName":"GenericAll","AceType":"","IsInherited":false},{"PrincipalSID":"S-1-5-21-3332504370-1206983947-1165150453-519","PrincipalType":"Group","RightName":"GenericAll","AceType":"","IsInherited":true},{"PrincipalSID":"CASCADE.LOCAL-S-1-5-32-544","PrincipalType":"Group","RightName":"WriteDacl","AceType":"","IsInherited":true},{"PrincipalSID":"CASCADE.LOCAL-S-1-5-32-544","PrincipalType":"Group","RightName":"WriteOwner","AceType":"","IsInherited":true},{"PrincipalSID":"CASCADE.LOCAL-S-1-5-32-544","PrincipalType":"Group","RightName":"GenericWrite","AceType":"","IsInherited":true}]},{"Properties":{"highvalue":false,"name":"USERS@CASCADE.LOCAL","domain":"CASCADE.LOCAL","objectid":"CASCADE.LOCAL-S-1-5-32-545","distinguishedname":"CN=Users,CN=Builtin,DC=cascade,DC=local","description":"Users are prevented from making accidental or intentional system-wide changes and can run most applications","admincount":false},"Members":[{"MemberId":"S-1-5-21-3332504370-1206983947-1165150453-513","MemberType":"Group"},{"MemberId":"CASCADE.LOCAL-S-1-5-11","MemberType":"Group"},{"MemberId":"CASCADE.LOCAL-S-1-5-4","MemberType":"Group"}],"ObjectIdentifier":"CASCADE.LOCAL-S-1-5-32-545","Aces":[{"PrincipalSID":"CASCADE.LOCAL-S-1-5-32-544","PrincipalType":"Group","RightName":"Owner","AceType":"","IsInherited":false},{"PrincipalSID":"CASCADE.LOCAL-S-1-5-32-548","PrincipalType":"Group","RightName":"GenericAll","AceType":"","IsInherited":false},{"PrincipalSID":"S-1-5-21-3332504370-1206983947-1165150453-512","PrincipalType":"Group","RightName":"GenericAll","AceType":"","IsInherited":false},{"PrincipalSID":"S-1-5-21-3332504370-1206983947-1165150453-519","PrincipalType":"Group","RightName":"GenericAll","AceType":"","IsInherited":true},{"PrincipalSID":"CASCADE.LOCAL-S-1-5-32-544","PrincipalType":"Group","RightName":"WriteDacl","AceType":"","IsInherited":true},{"PrincipalSID":"CASCADE.LOCAL-S-1-5-32-544","PrincipalType":"Group","RightName":"WriteOwner","AceType":"","IsInherited":true},{"PrincipalSID":"CASCADE.LOCAL-S-1-5-32-544","PrincipalType":"Group","RightName":"GenericWrite","AceType":"","IsInherited":true}]},{"Properties":{"highvalue":true,"name":"BACKUP OPERATORS@CASCADE.LOCAL","domain":"CASCADE.LOCAL","objectid":"CASCADE.LOCAL-S-1-5-32-551","distinguishedname":"CN=Backup Operators,CN=Builtin,DC=cascade,DC=local","description":"Backup Operators can override security restrictions for the sole purpose of backing up or restoring files","admincount":true},"Members":[],"ObjectIdentifier":"CASCADE.LOCAL-S-1-5-32-551","Aces":[{"PrincipalSID":"S-1-5-21-3332504370-1206983947-1165150453-512","PrincipalType":"Group","RightName":"Owner","AceType":"","IsInherited":false},{"PrincipalSID":"CASCADE.LOCAL-S-1-5-32-544","PrincipalType":"Group","RightName":"WriteDacl","AceType":"","IsInherited":false},{"PrincipalSID":"CASCADE.LOCAL-S-1-5-32-544","PrincipalType":"Group","RightName":"WriteOwner","AceType":"","IsInherited":false},{"PrincipalSID":"CASCADE.LOCAL-S-1-5-32-544","PrincipalType":"Group","RightName":"GenericWrite","AceType":"","IsInherited":false},{"PrincipalSID":"S-1-5-21-3332504370-1206983947-1165150453-512","PrincipalType":"Group","RightName":"WriteDacl","AceType":"","IsInherited":false},{"PrincipalSID":"S-1-5-21-3332504370-1206983947-1165150453-512","PrincipalType":"Group","RightName":"WriteOwner","AceType":"","IsInherited":false},{"PrincipalSID":"S-1-5-21-3332504370-1206983947-1165150453-512","PrincipalType":"Group","RightName":"GenericWrite","AceType":"","IsInherited":false},{"PrincipalSID":"S-1-5-21-3332504370-1206983947-1165150453-519","PrincipalType":"Group","RightName":"WriteDacl","AceType":"","IsInherited":false},{"PrincipalSID":"S-1-5-21-3332504370-1206983947-1165150453-519","PrincipalType":"Group","RightName":"WriteOwner","AceType":"","IsInherited":false},{"PrincipalSID":"S-1-5-21-3332504370-1206983947-1165150453-519","PrincipalType":"Group","RightName":"GenericWrite","AceType":"","IsInherited":false}]},{"Properties":{"highvalue":false,"name":"REPLICATORS@CASCADE.LOCAL","domain":"CASCADE.LOCAL","objectid":"CASCADE.LOCAL-S-1-5-32-552","distinguishedname":"CN=Replicator,CN=Builtin,DC=cascade,DC=local","description":"Supports file replication in a domain","admincount":true},"Members":[],"ObjectIdentifier":"CASCADE.LOCAL-S-1-5-32-552","Aces":[{"PrincipalSID":"S-1-5-21-3332504370-1206983947-1165150453-512","PrincipalType":"Group","RightName":"Owner","AceType":"","IsInherited":false},{"PrincipalSID":"CASCADE.LOCAL-S-1-5-32-544","PrincipalType":"Group","RightName":"WriteDacl","AceType":"","IsInherited":false},{"PrincipalSID":"CASCADE.LOCAL-S-1-5-32-544","PrincipalType":"Group","RightName":"WriteOwner","AceType":"","IsInherited":false},{"PrincipalSID":"CASCADE.LOCAL-S-1-5-32-544","PrincipalType":"Group","RightName":"GenericWrite","AceType":"","IsInherited":false},{"PrincipalSID":"S-1-5-21-3332504370-1206983947-1165150453-512","PrincipalType":"Group","RightName":"WriteDacl","AceType":"","IsInherited":false},{"PrincipalSID":"S-1-5-21-3332504370-1206983947-1165150453-512","PrincipalType":"Group","RightName":"WriteOwner","AceType":"","IsInherited":false},{"PrincipalSID":"S-1-5-21-3332504370-1206983947-1165150453-512","PrincipalType":"Group","RightName":"GenericWrite","AceType":"","IsInherited":false},{"PrincipalSID":"S-1-5-21-3332504370-1206983947-1165150453-519","PrincipalType":"Group","RightName":"WriteDacl","AceType":"","IsInherited":false},{"PrincipalSID":"S-1-5-21-3332504370-1206983947-1165150453-519","PrincipalType":"Group","RightName":"WriteOwner","AceType":"","IsInherited":false},{"PrincipalSID":"S-1-5-21-3332504370-1206983947-1165150453-519","PrincipalType":"Group","RightName":"GenericWrite","AceType":"","IsInherited":false}]},{"Properties":{"highvalue":true,"name":"PRINT OPERATORS@CASCADE.LOCAL","domain":"CASCADE.LOCAL","objectid":"CASCADE.LOCAL-S-1-5-32-550","distinguishedname":"CN=Print Operators,CN=Builtin,DC=cascade,DC=local","description":"Members can administer domain printers","admincount":true},"Members":[],"ObjectIdentifier":"CASCADE.LOCAL-S-1-5-32-550","Aces":[{"PrincipalSID":"S-1-5-21-3332504370-1206983947-1165150453-512","PrincipalType":"Group","RightName":"Owner","AceType":"","IsInherited":false},{"PrincipalSID":"CASCADE.LOCAL-S-1-5-32-544","PrincipalType":"Group","RightName":"WriteDacl","AceType":"","IsInherited":false},{"PrincipalSID":"CASCADE.LOCAL-S-1-5-32-544","PrincipalType":"Group","RightName":"WriteOwner","AceType":"","IsInherited":false},{"PrincipalSID":"CASCADE.LOCAL-S-1-5-32-544","PrincipalType":"Group","RightName":"GenericWrite","AceType":"","IsInherited":false},{"PrincipalSID":"S-1-5-21-3332504370-1206983947-1165150453-512","PrincipalType":"Group","RightName":"WriteDacl","AceType":"","IsInherited":false},{"PrincipalSID":"S-1-5-21-3332504370-1206983947-1165150453-512","PrincipalType":"Group","RightName":"WriteOwner","AceType":"","IsInherited":false},{"PrincipalSID":"S-1-5-21-3332504370-1206983947-1165150453-512","PrincipalType":"Group","RightName":"GenericWrite","AceType":"","IsInherited":false},{"PrincipalSID":"S-1-5-21-3332504370-1206983947-1165150453-519","PrincipalType":"Group","RightName":"WriteDacl","AceType":"","IsInherited":false},{"PrincipalSID":"S-1-5-21-3332504370-1206983947-1165150453-519","PrincipalType":"Group","RightName":"WriteOwner","AceType":"","IsInherited":false},{"PrincipalSID":"S-1-5-21-3332504370-1206983947-1165150453-519","PrincipalType":"Group","RightName":"GenericWrite","AceType":"","IsInherited":false}]},{"Properties":{"highvalue":false,"name":"PERFORMANCE MONITOR USERS@CASCADE.LOCAL","domain":"CASCADE.LOCAL","objectid":"CASCADE.LOCAL-S-1-5-32-558","distinguishedname":"CN=Performance Monitor Users,CN=Builtin,DC=cascade,DC=local","description":"Members of this group can access performance counter data locally and remotely","admincount":false},"Members":[],"ObjectIdentifier":"CASCADE.LOCAL-S-1-5-32-558","Aces":[{"PrincipalSID":"CASCADE.LOCAL-S-1-5-32-544","PrincipalType":"Group","RightName":"Owner","AceType":"","IsInherited":false},{"PrincipalSID":"CASCADE.LOCAL-S-1-5-32-548","PrincipalType":"Group","RightName":"GenericAll","AceType":"","IsInherited":false},{"PrincipalSID":"S-1-5-21-3332504370-1206983947-1165150453-512","PrincipalType":"Group","RightName":"GenericAll","AceType":"","IsInherited":false},{"PrincipalSID":"S-1-5-21-3332504370-1206983947-1165150453-519","PrincipalType":"Group","RightName":"GenericAll","AceType":"","IsInherited":true},{"PrincipalSID":"CASCADE.LOCAL-S-1-5-32-544","PrincipalType":"Group","RightName":"WriteDacl","AceType":"","IsInherited":true},{"PrincipalSID":"CASCADE.LOCAL-S-1-5-32-544","PrincipalType":"Group","RightName":"WriteOwner","AceType":"","IsInherited":true},{"PrincipalSID":"CASCADE.LOCAL-S-1-5-32-544","PrincipalType":"Group","RightName":"GenericWrite","AceType":"","IsInherited":true}]},{"Properties":{"highvalue":false,"name":"REMOTE DESKTOP USERS@CASCADE.LOCAL","domain":"CASCADE.LOCAL","objectid":"CASCADE.LOCAL-S-1-5-32-555","distinguishedname":"CN=Remote Desktop Users,CN=Builtin,DC=cascade,DC=local","description":"Members in this group are granted the right to logon remotely","admincount":false},"Members":[],"ObjectIdentifier":"CASCADE.LOCAL-S-1-5-32-555","Aces":[{"PrincipalSID":"CASCADE.LOCAL-S-1-5-32-544","PrincipalType":"Group","RightName":"Owner","AceType":"","IsInherited":false},{"PrincipalSID":"CASCADE.LOCAL-S-1-5-32-548","PrincipalType":"Group","RightName":"GenericAll","AceType":"","IsInherited":false},{"PrincipalSID":"S-1-5-21-3332504370-1206983947-1165150453-512","PrincipalType":"Group","RightName":"GenericAll","AceType":"","IsInherited":false},{"PrincipalSID":"S-1-5-21-3332504370-1206983947-1165150453-519","PrincipalType":"Group","RightName":"GenericAll","AceType":"","IsInherited":true},{"PrincipalSID":"CASCADE.LOCAL-S-1-5-32-544","PrincipalType":"Group","RightName":"WriteDacl","AceType":"","IsInherited":true},{"PrincipalSID":"CASCADE.LOCAL-S-1-5-32-544","PrincipalType":"Group","RightName":"WriteOwner","AceType":"","IsInherited":true},{"PrincipalSID":"CASCADE.LOCAL-S-1-5-32-544","PrincipalType":"Group","RightName":"GenericWrite","AceType":"","IsInherited":true}]},{"Properties":{"highvalue":false,"name":"NETWORK CONFIGURATION OPERATORS@CASCADE.LOCAL","domain":"CASCADE.LOCAL","objectid":"CASCADE.LOCAL-S-1-5-32-556","distinguishedname":"CN=Network Configuration Operators,CN=Builtin,DC=cascade,DC=local","description":"Members in this group can have some administrative privileges to manage configuration of networking features","admincount":false},"Members":[],"ObjectIdentifier":"CASCADE.LOCAL-S-1-5-32-556","Aces":[{"PrincipalSID":"CASCADE.LOCAL-S-1-5-32-544","PrincipalType":"Group","RightName":"Owner","AceType":"","IsInherited":false},{"PrincipalSID":"CASCADE.LOCAL-S-1-5-32-548","PrincipalType":"Group","RightName":"GenericAll","AceType":"","IsInherited":false},{"PrincipalSID":"S-1-5-21-3332504370-1206983947-1165150453-512","PrincipalType":"Group","RightName":"GenericAll","AceType":"","IsInherited":false},{"PrincipalSID":"S-1-5-21-3332504370-1206983947-1165150453-519","PrincipalType":"Group","RightName":"GenericAll","AceType":"","IsInherited":true},{"PrincipalSID":"CASCADE.LOCAL-S-1-5-32-544","PrincipalType":"Group","RightName":"WriteDacl","AceType":"","IsInherited":true},{"PrincipalSID":"CASCADE.LOCAL-S-1-5-32-544","PrincipalType":"Group","RightName":"WriteOwner","AceType":"","IsInherited":true},{"PrincipalSID":"CASCADE.LOCAL-S-1-5-32-544","PrincipalType":"Group","RightName":"GenericWrite","AceType":"","IsInherited":true}]},{"Properties":{"highvalue":false,"name":"DISTRIBUTED COM USERS@CASCADE.LOCAL","domain":"CASCADE.LOCAL","objectid":"CASCADE.LOCAL-S-1-5-32-562","distinguishedname":"CN=Distributed COM Users,CN=Builtin,DC=cascade,DC=local","description":"Members are allowed to launch, activate and use Distributed COM objects on this machine.","admincount":false},"Members":[],"ObjectIdentifier":"CASCADE.LOCAL-S-1-5-32-562","Aces":[{"PrincipalSID":"CASCADE.LOCAL-S-1-5-32-544","PrincipalType":"Group","RightName":"Owner","AceType":"","IsInherited":false},{"PrincipalSID":"CASCADE.LOCAL-S-1-5-32-548","PrincipalType":"Group","RightName":"GenericAll","AceType":"","IsInherited":false},{"PrincipalSID":"S-1-5-21-3332504370-1206983947-1165150453-512","PrincipalType":"Group","RightName":"GenericAll","AceType":"","IsInherited":false},{"PrincipalSID":"S-1-5-21-3332504370-1206983947-1165150453-519","PrincipalType":"Group","RightName":"GenericAll","AceType":"","IsInherited":true},{"PrincipalSID":"CASCADE.LOCAL-S-1-5-32-544","PrincipalType":"Group","RightName":"WriteDacl","AceType":"","IsInherited":true},{"PrincipalSID":"CASCADE.LOCAL-S-1-5-32-544","PrincipalType":"Group","RightName":"WriteOwner","AceType":"","IsInherited":true},{"PrincipalSID":"CASCADE.LOCAL-S-1-5-32-544","PrincipalType":"Group","RightName":"GenericWrite","AceType":"","IsInherited":true}]},{"Properties":{"highvalue":false,"name":"PERFORMANCE LOG USERS@CASCADE.LOCAL","domain":"CASCADE.LOCAL","objectid":"CASCADE.LOCAL-S-1-5-32-559","distinguishedname":"CN=Performance Log Users,CN=Builtin,DC=cascade,DC=local","description":"Members of this group may schedule logging of performance counters, enable trace providers, and collect event traces both locally and via remote access to this computer","admincount":false},"Members":[],"ObjectIdentifier":"CASCADE.LOCAL-S-1-5-32-559","Aces":[{"PrincipalSID":"CASCADE.LOCAL-S-1-5-32-544","PrincipalType":"Group","RightName":"Owner","AceType":"","IsInherited":false},{"PrincipalSID":"CASCADE.LOCAL-S-1-5-32-548","PrincipalType":"Group","RightName":"GenericAll","AceType":"","IsInherited":false},{"PrincipalSID":"S-1-5-21-3332504370-1206983947-1165150453-512","PrincipalType":"Group","RightName":"GenericAll","AceType":"","IsInherited":false},{"PrincipalSID":"S-1-5-21-3332504370-1206983947-1165150453-519","PrincipalType":"Group","RightName":"GenericAll","AceType":"","IsInherited":true},{"PrincipalSID":"CASCADE.LOCAL-S-1-5-32-544","PrincipalType":"Group","RightName":"WriteDacl","AceType":"","IsInherited":true},{"PrincipalSID":"CASCADE.LOCAL-S-1-5-32-544","PrincipalType":"Group","RightName":"WriteOwner","AceType":"","IsInherited":true},{"PrincipalSID":"CASCADE.LOCAL-S-1-5-32-544","PrincipalType":"Group","RightName":"GenericWrite","AceType":"","IsInherited":true}]},{"Properties":{"highvalue":false,"name":"IIS_IUSRS@CASCADE.LOCAL","domain":"CASCADE.LOCAL","objectid":"CASCADE.LOCAL-S-1-5-32-568","distinguishedname":"CN=IIS_IUSRS,CN=Builtin,DC=cascade,DC=local","description":"Built-in group used by Internet Information Services.","admincount":false},"Members":[],"ObjectIdentifier":"CASCADE.LOCAL-S-1-5-32-568","Aces":[{"PrincipalSID":"CASCADE.LOCAL-S-1-5-32-544","PrincipalType":"Group","RightName":"Owner","AceType":"","IsInherited":false},{"PrincipalSID":"CASCADE.LOCAL-S-1-5-32-548","PrincipalType":"Group","RightName":"GenericAll","AceType":"","IsInherited":false},{"PrincipalSID":"S-1-5-21-3332504370-1206983947-1165150453-512","PrincipalType":"Group","RightName":"GenericAll","AceType":"","IsInherited":false},{"PrincipalSID":"S-1-5-21-3332504370-1206983947-1165150453-519","PrincipalType":"Group","RightName":"GenericAll","AceType":"","IsInherited":true},{"PrincipalSID":"CASCADE.LOCAL-S-1-5-32-544","PrincipalType":"Group","RightName":"WriteDacl","AceType":"","IsInherited":true},{"PrincipalSID":"CASCADE.LOCAL-S-1-5-32-544","PrincipalType":"Group","RightName":"WriteOwner","AceType":"","IsInherited":true},{"PrincipalSID":"CASCADE.LOCAL-S-1-5-32-544","PrincipalType":"Group","RightName":"GenericWrite","AceType":"","IsInherited":true}]},{"Properties":{"highvalue":false,"name":"CRYPTOGRAPHIC OPERATORS@CASCADE.LOCAL","domain":"CASCADE.LOCAL","objectid":"CASCADE.LOCAL-S-1-5-32-569","distinguishedname":"CN=Cryptographic Operators,CN=Builtin,DC=cascade,DC=local","description":"Members are authorized to perform cryptographic operations.","admincount":false},"Members":[],"ObjectIdentifier":"CASCADE.LOCAL-S-1-5-32-569","Aces":[{"PrincipalSID":"CASCADE.LOCAL-S-1-5-32-544","PrincipalType":"Group","RightName":"Owner","AceType":"","IsInherited":false},{"PrincipalSID":"CASCADE.LOCAL-S-1-5-32-548","PrincipalType":"Group","RightName":"GenericAll","AceType":"","IsInherited":false},{"PrincipalSID":"S-1-5-21-3332504370-1206983947-1165150453-512","PrincipalType":"Group","RightName":"GenericAll","AceType":"","IsInherited":false},{"PrincipalSID":"S-1-5-21-3332504370-1206983947-1165150453-519","PrincipalType":"Group","RightName":"GenericAll","AceType":"","IsInherited":true},{"PrincipalSID":"CASCADE.LOCAL-S-1-5-32-544","PrincipalType":"Group","RightName":"WriteDacl","AceType":"","IsInherited":true},{"PrincipalSID":"CASCADE.LOCAL-S-1-5-32-544","PrincipalType":"Group","RightName":"WriteOwner","AceType":"","IsInherited":true},{"PrincipalSID":"CASCADE.LOCAL-S-1-5-32-544","PrincipalType":"Group","RightName":"GenericWrite","AceType":"","IsInherited":true}]},{"Properties":{"highvalue":false,"name":"PRE-WINDOWS 2000 COMPATIBLE ACCESS@CASCADE.LOCAL","domain":"CASCADE.LOCAL","objectid":"CASCADE.LOCAL-S-1-5-32-554","distinguishedname":"CN=Pre-Windows 2000 Compatible Access,CN=Builtin,DC=cascade,DC=local","description":"A backward compatibility group which allows read access on all users and groups in the domain","admincount":false},"Members":[{"MemberId":"CASCADE.LOCAL-S-1-5-11","MemberType":"Group"}],"ObjectIdentifier":"CASCADE.LOCAL-S-1-5-32-554","Aces":[{"PrincipalSID":"S-1-5-21-3332504370-1206983947-1165150453-512","PrincipalType":"Group","RightName":"Owner","AceType":"","IsInherited":false},{"PrincipalSID":"CASCADE.LOCAL-S-1-5-32-548","PrincipalType":"Group","RightName":"GenericAll","AceType":"","IsInherited":false},{"PrincipalSID":"S-1-5-21-3332504370-1206983947-1165150453-512","PrincipalType":"Group","RightName":"GenericAll","AceType":"","IsInherited":false},{"PrincipalSID":"S-1-5-21-3332504370-1206983947-1165150453-519","PrincipalType":"Group","RightName":"GenericAll","AceType":"","IsInherited":true},{"PrincipalSID":"CASCADE.LOCAL-S-1-5-32-544","PrincipalType":"Group","RightName":"WriteDacl","AceType":"","IsInherited":true},{"PrincipalSID":"CASCADE.LOCAL-S-1-5-32-544","PrincipalType":"Group","RightName":"WriteOwner","AceType":"","IsInherited":true},{"PrincipalSID":"CASCADE.LOCAL-S-1-5-32-544","PrincipalType":"Group","RightName":"GenericWrite","AceType":"","IsInherited":true}]},{"Properties":{"highvalue":false,"name":"CERTIFICATE SERVICE DCOM ACCESS@CASCADE.LOCAL","domain":"CASCADE.LOCAL","objectid":"CASCADE.LOCAL-S-1-5-32-574","distinguishedname":"CN=Certificate Service DCOM Access,CN=Builtin,DC=cascade,DC=local","description":"Members of this group are allowed to connect to Certification Authorities in the enterprise","admincount":false},"Members":[],"ObjectIdentifier":"CASCADE.LOCAL-S-1-5-32-574","Aces":[{"PrincipalSID":"CASCADE.LOCAL-S-1-5-32-544","PrincipalType":"Group","RightName":"Owner","AceType":"","IsInherited":false},{"PrincipalSID":"CASCADE.LOCAL-S-1-5-32-548","PrincipalType":"Group","RightName":"GenericAll","AceType":"","IsInherited":false},{"PrincipalSID":"S-1-5-21-3332504370-1206983947-1165150453-512","PrincipalType":"Group","RightName":"GenericAll","AceType":"","IsInherited":false},{"PrincipalSID":"S-1-5-21-3332504370-1206983947-1165150453-519","PrincipalType":"Group","RightName":"GenericAll","AceType":"","IsInherited":true},{"PrincipalSID":"CASCADE.LOCAL-S-1-5-32-544","PrincipalType":"Group","RightName":"WriteDacl","AceType":"","IsInherited":true},{"PrincipalSID":"CASCADE.LOCAL-S-1-5-32-544","PrincipalType":"Group","RightName":"WriteOwner","AceType":"","IsInherited":true},{"PrincipalSID":"CASCADE.LOCAL-S-1-5-32-544","PrincipalType":"Group","RightName":"GenericWrite","AceType":"","IsInherited":true}]},{"Properties":{"highvalue":false,"name":"DENIED RODC PASSWORD REPLICATION GROUP@CASCADE.LOCAL","domain":"CASCADE.LOCAL","objectid":"S-1-5-21-3332504370-1206983947-1165150453-572","distinguishedname":"CN=Denied RODC Password Replication Group,CN=Users,DC=cascade,DC=local","description":"Members in this group cannot have their passwords replicated to any read-only domain controllers in the domain","admincount":false},"Members":[{"MemberId":"S-1-5-21-3332504370-1206983947-1165150453-521","MemberType":"Group"},{"MemberId":"S-1-5-21-3332504370-1206983947-1165150453-520","MemberType":"Group"},{"MemberId":"S-1-5-21-3332504370-1206983947-1165150453-512","MemberType":"Group"},{"MemberId":"S-1-5-21-3332504370-1206983947-1165150453-517","MemberType":"Group"},{"MemberId":"S-1-5-21-3332504370-1206983947-1165150453-519","MemberType":"Group"},{"MemberId":"S-1-5-21-3332504370-1206983947-1165150453-518","MemberType":"Group"},{"MemberId":"S-1-5-21-3332504370-1206983947-1165150453-516","MemberType":"Group"},{"MemberId":"S-1-5-21-3332504370-1206983947-1165150453-502","MemberType":"User"}],"ObjectIdentifier":"S-1-5-21-3332504370-1206983947-1165150453-572","Aces":[{"PrincipalSID":"S-1-5-21-3332504370-1206983947-1165150453-512","PrincipalType":"Group","RightName":"Owner","AceType":"","IsInherited":false},{"PrincipalSID":"CASCADE.LOCAL-S-1-5-32-548","PrincipalType":"Group","RightName":"GenericAll","AceType":"","IsInherited":false},{"PrincipalSID":"S-1-5-21-3332504370-1206983947-1165150453-512","PrincipalType":"Group","RightName":"GenericAll","AceType":"","IsInherited":false},{"PrincipalSID":"S-1-5-21-3332504370-1206983947-1165150453-519","PrincipalType":"Group","RightName":"GenericAll","AceType":"","IsInherited":true},{"PrincipalSID":"CASCADE.LOCAL-S-1-5-32-544","PrincipalType":"Group","RightName":"WriteDacl","AceType":"","IsInherited":true},{"PrincipalSID":"CASCADE.LOCAL-S-1-5-32-544","PrincipalType":"Group","RightName":"WriteOwner","AceType":"","IsInherited":true},{"PrincipalSID":"CASCADE.LOCAL-S-1-5-32-544","PrincipalType":"Group","RightName":"GenericWrite","AceType":"","IsInherited":true}]},{"Properties":{"highvalue":true,"name":"SERVER OPERATORS@CASCADE.LOCAL","domain":"CASCADE.LOCAL","objectid":"CASCADE.LOCAL-S-1-5-32-549","distinguishedname":"CN=Server Operators,CN=Builtin,DC=cascade,DC=local","description":"Members can administer domain servers","admincount":true},"Members":[],"ObjectIdentifier":"CASCADE.LOCAL-S-1-5-32-549","Aces":[{"PrincipalSID":"S-1-5-21-3332504370-1206983947-1165150453-512","PrincipalType":"Group","RightName":"Owner","AceType":"","IsInherited":false},{"PrincipalSID":"CASCADE.LOCAL-S-1-5-32-544","PrincipalType":"Group","RightName":"WriteDacl","AceType":"","IsInherited":false},{"PrincipalSID":"CASCADE.LOCAL-S-1-5-32-544","PrincipalType":"Group","RightName":"WriteOwner","AceType":"","IsInherited":false},{"PrincipalSID":"CASCADE.LOCAL-S-1-5-32-544","PrincipalType":"Group","RightName":"GenericWrite","AceType":"","IsInherited":false},{"PrincipalSID":"S-1-5-21-3332504370-1206983947-1165150453-512","PrincipalType":"Group","RightName":"WriteDacl","AceType":"","IsInherited":false},{"PrincipalSID":"S-1-5-21-3332504370-1206983947-1165150453-512","PrincipalType":"Group","RightName":"WriteOwner","AceType":"","IsInherited":false},{"PrincipalSID":"S-1-5-21-3332504370-1206983947-1165150453-512","PrincipalType":"Group","RightName":"GenericWrite","AceType":"","IsInherited":false},{"PrincipalSID":"S-1-5-21-3332504370-1206983947-1165150453-519","PrincipalType":"Group","RightName":"WriteDacl","AceType":"","IsInherited":false},{"PrincipalSID":"S-1-5-21-3332504370-1206983947-1165150453-519","PrincipalType":"Group","RightName":"WriteOwner","AceType":"","IsInherited":false},{"PrincipalSID":"S-1-5-21-3332504370-1206983947-1165150453-519","PrincipalType":"Group","RightName":"GenericWrite","AceType":"","IsInherited":false}]},{"Properties":{"highvalue":false,"name":"EVENT LOG READERS@CASCADE.LOCAL","domain":"CASCADE.LOCAL","objectid":"CASCADE.LOCAL-S-1-5-32-573","distinguishedname":"CN=Event Log Readers,CN=Builtin,DC=cascade,DC=local","description":"Members of this group can read event logs from local machine","admincount":false},"Members":[],"ObjectIdentifier":"CASCADE.LOCAL-S-1-5-32-573","Aces":[{"PrincipalSID":"CASCADE.LOCAL-S-1-5-32-544","PrincipalType":"Group","RightName":"Owner","AceType":"","IsInherited":false},{"PrincipalSID":"CASCADE.LOCAL-S-1-5-32-548","PrincipalType":"Group","RightName":"GenericAll","AceType":"","IsInherited":false},{"PrincipalSID":"S-1-5-21-3332504370-1206983947-1165150453-512","PrincipalType":"Group","RightName":"GenericAll","AceType":"","IsInherited":false},{"PrincipalSID":"S-1-5-21-3332504370-1206983947-1165150453-519","PrincipalType":"Group","RightName":"GenericAll","AceType":"","IsInherited":true},{"PrincipalSID":"CASCADE.LOCAL-S-1-5-32-544","PrincipalType":"Group","RightName":"WriteDacl","AceType":"","IsInherited":true},{"PrincipalSID":"CASCADE.LOCAL-S-1-5-32-544","PrincipalType":"Group","RightName":"WriteOwner","AceType":"","IsInherited":true},{"PrincipalSID":"CASCADE.LOCAL-S-1-5-32-544","PrincipalType":"Group","RightName":"GenericWrite","AceType":"","IsInherited":true}]},{"Properties":{"highvalue":true,"name":"ACCOUNT OPERATORS@CASCADE.LOCAL","domain":"CASCADE.LOCAL","objectid":"CASCADE.LOCAL-S-1-5-32-548","distinguishedname":"CN=Account Operators,CN=Builtin,DC=cascade,DC=local","description":"Members can administer domain user and group accounts","admincount":true},"Members":[],"ObjectIdentifier":"CASCADE.LOCAL-S-1-5-32-548","Aces":[{"PrincipalSID":"S-1-5-21-3332504370-1206983947-1165150453-512","PrincipalType":"Group","RightName":"Owner","AceType":"","IsInherited":false},{"PrincipalSID":"CASCADE.LOCAL-S-1-5-32-544","PrincipalType":"Group","RightName":"WriteDacl","AceType":"","IsInherited":false},{"PrincipalSID":"CASCADE.LOCAL-S-1-5-32-544","PrincipalType":"Group","RightName":"WriteOwner","AceType":"","IsInherited":false},{"PrincipalSID":"CASCADE.LOCAL-S-1-5-32-544","PrincipalType":"Group","RightName":"GenericWrite","AceType":"","IsInherited":false},{"PrincipalSID":"S-1-5-21-3332504370-1206983947-1165150453-512","PrincipalType":"Group","RightName":"WriteDacl","AceType":"","IsInherited":false},{"PrincipalSID":"S-1-5-21-3332504370-1206983947-1165150453-512","PrincipalType":"Group","RightName":"WriteOwner","AceType":"","IsInherited":false},{"PrincipalSID":"S-1-5-21-3332504370-1206983947-1165150453-512","PrincipalType":"Group","RightName":"GenericWrite","AceType":"","IsInherited":false},{"PrincipalSID":"S-1-5-21-3332504370-1206983947-1165150453-519","PrincipalType":"Group","RightName":"WriteDacl","AceType":"","IsInherited":false},{"PrincipalSID":"S-1-5-21-3332504370-1206983947-1165150453-519","PrincipalType":"Group","RightName":"WriteOwner","AceType":"","IsInherited":false},{"PrincipalSID":"S-1-5-21-3332504370-1206983947-1165150453-519","PrincipalType":"Group","RightName":"GenericWrite","AceType":"","IsInherited":false}]},{"Properties":{"highvalue":false,"name":"RAS AND IAS SERVERS@CASCADE.LOCAL","domain":"CASCADE.LOCAL","objectid":"S-1-5-21-3332504370-1206983947-1165150453-553","distinguishedname":"CN=RAS and IAS Servers,CN=Users,DC=cascade,DC=local","description":"Servers in this group can access remote access properties of users","admincount":false},"Members":[],"ObjectIdentifier":"S-1-5-21-3332504370-1206983947-1165150453-553","Aces":[{"PrincipalSID":"S-1-5-21-3332504370-1206983947-1165150453-512","PrincipalType":"Group","RightName":"Owner","AceType":"","IsInherited":false},{"PrincipalSID":"CASCADE.LOCAL-S-1-5-32-548","PrincipalType":"Group","RightName":"GenericAll","AceType":"","IsInherited":false},{"PrincipalSID":"S-1-5-21-3332504370-1206983947-1165150453-512","PrincipalType":"Group","RightName":"GenericAll","AceType":"","IsInherited":false},{"PrincipalSID":"S-1-5-21-3332504370-1206983947-1165150453-519","PrincipalType":"Group","RightName":"GenericAll","AceType":"","IsInherited":true},{"PrincipalSID":"CASCADE.LOCAL-S-1-5-32-544","PrincipalType":"Group","RightName":"WriteDacl","AceType":"","IsInherited":true},{"PrincipalSID":"CASCADE.LOCAL-S-1-5-32-544","PrincipalType":"Group","RightName":"WriteOwner","AceType":"","IsInherited":true},{"PrincipalSID":"CASCADE.LOCAL-S-1-5-32-544","PrincipalType":"Group","RightName":"GenericWrite","AceType":"","IsInherited":true}]},{"Properties":{"highvalue":false,"name":"CERT PUBLISHERS@CASCADE.LOCAL","domain":"CASCADE.LOCAL","objectid":"S-1-5-21-3332504370-1206983947-1165150453-517","distinguishedname":"CN=Cert Publishers,CN=Users,DC=cascade,DC=local","description":"Members of this group are permitted to publish certificates to the directory","admincount":false},"Members":[],"ObjectIdentifier":"S-1-5-21-3332504370-1206983947-1165150453-517","Aces":[{"PrincipalSID":"S-1-5-21-3332504370-1206983947-1165150453-512","PrincipalType":"Group","RightName":"Owner","AceType":"","IsInherited":false},{"PrincipalSID":"CASCADE.LOCAL-S-1-5-32-548","PrincipalType":"Group","RightName":"GenericAll","AceType":"","IsInherited":false},{"PrincipalSID":"S-1-5-21-3332504370-1206983947-1165150453-512","PrincipalType":"Group","RightName":"GenericAll","AceType":"","IsInherited":false},{"PrincipalSID":"S-1-5-21-3332504370-1206983947-1165150453-519","PrincipalType":"Group","RightName":"GenericAll","AceType":"","IsInherited":true},{"PrincipalSID":"CASCADE.LOCAL-S-1-5-32-544","PrincipalType":"Group","RightName":"WriteDacl","AceType":"","IsInherited":true},{"PrincipalSID":"CASCADE.LOCAL-S-1-5-32-544","PrincipalType":"Group","RightName":"WriteOwner","AceType":"","IsInherited":true},{"PrincipalSID":"CASCADE.LOCAL-S-1-5-32-544","PrincipalType":"Group","RightName":"GenericWrite","AceType":"","IsInherited":true}]},{"Properties":{"highvalue":false,"name":"INCOMING FOREST TRUST BUILDERS@CASCADE.LOCAL","domain":"CASCADE.LOCAL","objectid":"CASCADE.LOCAL-S-1-5-32-557","distinguishedname":"CN=Incoming Forest Trust Builders,CN=Builtin,DC=cascade,DC=local","description":"Members of this group can create incoming, one-way trusts to this forest","admincount":false},"Members":[],"ObjectIdentifier":"CASCADE.LOCAL-S-1-5-32-557","Aces":[{"PrincipalSID":"S-1-5-21-3332504370-1206983947-1165150453-512","PrincipalType":"Group","RightName":"Owner","AceType":"","IsInherited":false},{"PrincipalSID":"CASCADE.LOCAL-S-1-5-32-548","PrincipalType":"Group","RightName":"GenericAll","AceType":"","IsInherited":false},{"PrincipalSID":"S-1-5-21-3332504370-1206983947-1165150453-512","PrincipalType":"Group","RightName":"GenericAll","AceType":"","IsInherited":false},{"PrincipalSID":"S-1-5-21-3332504370-1206983947-1165150453-519","PrincipalType":"Group","RightName":"GenericAll","AceType":"","IsInherited":true},{"PrincipalSID":"CASCADE.LOCAL-S-1-5-32-544","PrincipalType":"Group","RightName":"WriteDacl","AceType":"","IsInherited":true},{"PrincipalSID":"CASCADE.LOCAL-S-1-5-32-544","PrincipalType":"Group","RightName":"WriteOwner","AceType":"","IsInherited":true},{"PrincipalSID":"CASCADE.LOCAL-S-1-5-32-544","PrincipalType":"Group","RightName":"GenericWrite","AceType":"","IsInherited":true}]},{"Properties":{"highvalue":false,"name":"ALLOWED RODC PASSWORD REPLICATION GROUP@CASCADE.LOCAL","domain":"CASCADE.LOCAL","objectid":"S-1-5-21-3332504370-1206983947-1165150453-571","distinguishedname":"CN=Allowed RODC Password Replication Group,CN=Users,DC=cascade,DC=local","description":"Members in this group can have their passwords replicated to all read-only domain controllers in the domain","admincount":false},"Members":[],"ObjectIdentifier":"S-1-5-21-3332504370-1206983947-1165150453-571","Aces":[{"PrincipalSID":"S-1-5-21-3332504370-1206983947-1165150453-512","PrincipalType":"Group","RightName":"Owner","AceType":"","IsInherited":false},{"PrincipalSID":"CASCADE.LOCAL-S-1-5-32-548","PrincipalType":"Group","RightName":"GenericAll","AceType":"","IsInherited":false},{"PrincipalSID":"S-1-5-21-3332504370-1206983947-1165150453-512","PrincipalType":"Group","RightName":"GenericAll","AceType":"","IsInherited":false},{"PrincipalSID":"S-1-5-21-3332504370-1206983947-1165150453-519","PrincipalType":"Group","RightName":"GenericAll","AceType":"","IsInherited":true},{"PrincipalSID":"CASCADE.LOCAL-S-1-5-32-544","PrincipalType":"Group","RightName":"WriteDacl","AceType":"","IsInherited":true},{"PrincipalSID":"CASCADE.LOCAL-S-1-5-32-544","PrincipalType":"Group","RightName":"WriteOwner","AceType":"","IsInherited":true},{"PrincipalSID":"CASCADE.LOCAL-S-1-5-32-544","PrincipalType":"Group","RightName":"GenericWrite","AceType":"","IsInherited":true}]},{"Properties":{"highvalue":false,"name":"TERMINAL SERVER LICENSE SERVERS@CASCADE.LOCAL","domain":"CASCADE.LOCAL","objectid":"CASCADE.LOCAL-S-1-5-32-561","distinguishedname":"CN=Terminal Server License Servers,CN=Builtin,DC=cascade,DC=local","description":"Members of this group can update user accounts in Active Directory with information about license issuance, for the purpose of tracking and reporting TS Per User CAL usage","admincount":false},"Members":[],"ObjectIdentifier":"CASCADE.LOCAL-S-1-5-32-561","Aces":[{"PrincipalSID":"S-1-5-21-3332504370-1206983947-1165150453-512","PrincipalType":"Group","RightName":"Owner","AceType":"","IsInherited":false},{"PrincipalSID":"CASCADE.LOCAL-S-1-5-32-548","PrincipalType":"Group","RightName":"GenericAll","AceType":"","IsInherited":false},{"PrincipalSID":"S-1-5-21-3332504370-1206983947-1165150453-512","PrincipalType":"Group","RightName":"GenericAll","AceType":"","IsInherited":false},{"PrincipalSID":"S-1-5-21-3332504370-1206983947-1165150453-519","PrincipalType":"Group","RightName":"GenericAll","AceType":"","IsInherited":true},{"PrincipalSID":"CASCADE.LOCAL-S-1-5-32-544","PrincipalType":"Group","RightName":"WriteDacl","AceType":"","IsInherited":true},{"PrincipalSID":"CASCADE.LOCAL-S-1-5-32-544","PrincipalType":"Group","RightName":"WriteOwner","AceType":"","IsInherited":true},{"PrincipalSID":"CASCADE.LOCAL-S-1-5-32-544","PrincipalType":"Group","RightName":"GenericWrite","AceType":"","IsInherited":true}]},{"Properties":{"highvalue":false,"name":"IT@CASCADE.LOCAL","domain":"CASCADE.LOCAL","objectid":"S-1-5-21-3332504370-1206983947-1165150453-1113","distinguishedname":"CN=IT,OU=Groups,OU=UK,DC=cascade,DC=local","description":null,"admincount":false},"Members":[{"MemberId":"S-1-5-21-3332504370-1206983947-1165150453-1109","MemberType":"User"},{"MemberId":"S-1-5-21-3332504370-1206983947-1165150453-1107","MemberType":"User"},{"MemberId":"S-1-5-21-3332504370-1206983947-1165150453-1106","MemberType":"User"}],"ObjectIdentifier":"S-1-5-21-3332504370-1206983947-1165150453-1113","Aces":[{"PrincipalSID":"S-1-5-21-3332504370-1206983947-1165150453-512","PrincipalType":"Group","RightName":"Owner","AceType":"","IsInherited":false},{"PrincipalSID":"CASCADE.LOCAL-S-1-5-32-548","PrincipalType":"Group","RightName":"GenericAll","AceType":"","IsInherited":false},{"PrincipalSID":"S-1-5-21-3332504370-1206983947-1165150453-512","PrincipalType":"Group","RightName":"GenericAll","AceType":"","IsInherited":false},{"PrincipalSID":"S-1-5-21-3332504370-1206983947-1165150453-519","PrincipalType":"Group","RightName":"GenericAll","AceType":"","IsInherited":true},{"PrincipalSID":"CASCADE.LOCAL-S-1-5-32-544","PrincipalType":"Group","RightName":"WriteDacl","AceType":"","IsInherited":true},{"PrincipalSID":"CASCADE.LOCAL-S-1-5-32-544","PrincipalType":"Group","RightName":"WriteOwner","AceType":"","IsInherited":true},{"PrincipalSID":"CASCADE.LOCAL-S-1-5-32-544","PrincipalType":"Group","RightName":"GenericWrite","AceType":"","IsInherited":true}]},{"Properties":{"highvalue":false,"name":"AD RECYCLE BIN@CASCADE.LOCAL","domain":"CASCADE.LOCAL","objectid":"S-1-5-21-3332504370-1206983947-1165150453-1119","distinguishedname":"CN=AD Recycle Bin,OU=Groups,OU=UK,DC=cascade,DC=local","description":null,"admincount":false},"Members":[{"MemberId":"S-1-5-21-3332504370-1206983947-1165150453-1106","MemberType":"User"}],"ObjectIdentifier":"S-1-5-21-3332504370-1206983947-1165150453-1119","Aces":[{"PrincipalSID":"S-1-5-21-3332504370-1206983947-1165150453-512","PrincipalType":"Group","RightName":"Owner","AceType":"","IsInherited":false},{"PrincipalSID":"CASCADE.LOCAL-S-1-5-32-548","PrincipalType":"Group","RightName":"GenericAll","AceType":"","IsInherited":false},{"PrincipalSID":"S-1-5-21-3332504370-1206983947-1165150453-512","PrincipalType":"Group","RightName":"GenericAll","AceType":"","IsInherited":false},{"PrincipalSID":"S-1-5-21-3332504370-1206983947-1165150453-519","PrincipalType":"Group","RightName":"GenericAll","AceType":"","IsInherited":true},{"PrincipalSID":"CASCADE.LOCAL-S-1-5-32-544","PrincipalType":"Group","RightName":"WriteDacl","AceType":"","IsInherited":true},{"PrincipalSID":"CASCADE.LOCAL-S-1-5-32-544","PrincipalType":"Group","RightName":"WriteOwner","AceType":"","IsInherited":true},{"PrincipalSID":"CASCADE.LOCAL-S-1-5-32-544","PrincipalType":"Group","RightName":"GenericWrite","AceType":"","IsInherited":true}]},{"Properties":{"highvalue":false,"name":"HR@CASCADE.LOCAL","domain":"CASCADE.LOCAL","objectid":"S-1-5-21-3332504370-1206983947-1165150453-1115","distinguishedname":"CN=HR,OU=Groups,OU=UK,DC=cascade,DC=local","description":null,"admincount":false},"Members":[{"MemberId":"S-1-5-21-3332504370-1206983947-1165150453-1121","MemberType":"User"}],"ObjectIdentifier":"S-1-5-21-3332504370-1206983947-1165150453-1115","Aces":[{"PrincipalSID":"S-1-5-21-3332504370-1206983947-1165150453-512","PrincipalType":"Group","RightName":"Owner","AceType":"","IsInherited":false},{"PrincipalSID":"CASCADE.LOCAL-S-1-5-32-548","PrincipalType":"Group","RightName":"GenericAll","AceType":"","IsInherited":false},{"PrincipalSID":"S-1-5-21-3332504370-1206983947-1165150453-512","PrincipalType":"Group","RightName":"GenericAll","AceType":"","IsInherited":false},{"PrincipalSID":"S-1-5-21-3332504370-1206983947-1165150453-519","PrincipalType":"Group","RightName":"GenericAll","AceType":"","IsInherited":true},{"PrincipalSID":"CASCADE.LOCAL-S-1-5-32-544","PrincipalType":"Group","RightName":"WriteDacl","AceType":"","IsInherited":true},{"PrincipalSID":"CASCADE.LOCAL-S-1-5-32-544","PrincipalType":"Group","RightName":"WriteOwner","AceType":"","IsInherited":true},{"PrincipalSID":"CASCADE.LOCAL-S-1-5-32-544","PrincipalType":"Group","RightName":"GenericWrite","AceType":"","IsInherited":true}]},{"Properties":{"highvalue":false,"name":"REMOTE MANAGEMENT USERS@CASCADE.LOCAL","domain":"CASCADE.LOCAL","objectid":"S-1-5-21-3332504370-1206983947-1165150453-1126","distinguishedname":"CN=Remote Management Users,OU=Groups,OU=UK,DC=cascade,DC=local","description":null,"admincount":false},"Members":[{"MemberId":"S-1-5-21-3332504370-1206983947-1165150453-1107","MemberType":"User"},{"MemberId":"S-1-5-21-3332504370-1206983947-1165150453-1106","MemberType":"User"}],"ObjectIdentifier":"S-1-5-21-3332504370-1206983947-1165150453-1126","Aces":[{"PrincipalSID":"S-1-5-21-3332504370-1206983947-1165150453-512","PrincipalType":"Group","RightName":"Owner","AceType":"","IsInherited":false},{"PrincipalSID":"CASCADE.LOCAL-S-1-5-32-548","PrincipalType":"Group","RightName":"GenericAll","AceType":"","IsInherited":false},{"PrincipalSID":"S-1-5-21-3332504370-1206983947-1165150453-512","PrincipalType":"Group","RightName":"GenericAll","AceType":"","IsInherited":false},{"PrincipalSID":"S-1-5-21-3332504370-1206983947-1165150453-519","PrincipalType":"Group","RightName":"GenericAll","AceType":"","IsInherited":true},{"PrincipalSID":"CASCADE.LOCAL-S-1-5-32-544","PrincipalType":"Group","RightName":"WriteDacl","AceType":"","IsInherited":true},{"PrincipalSID":"CASCADE.LOCAL-S-1-5-32-544","PrincipalType":"Group","RightName":"WriteOwner","AceType":"","IsInherited":true},{"PrincipalSID":"CASCADE.LOCAL-S-1-5-32-544","PrincipalType":"Group","RightName":"GenericWrite","AceType":"","IsInherited":true}]},{"Properties":{"highvalue":false,"name":"AUDIT SHARE@CASCADE.LOCAL","domain":"CASCADE.LOCAL","objectid":"S-1-5-21-3332504370-1206983947-1165150453-1137","distinguishedname":"CN=Audit Share,OU=Groups,OU=UK,DC=cascade,DC=local","description":"\\\\Casc-DC1\\Audit$","admincount":false},"Members":[{"MemberId":"S-1-5-21-3332504370-1206983947-1165150453-1107","MemberType":"User"}],"ObjectIdentifier":"S-1-5-21-3332504370-1206983947-1165150453-1137","Aces":[{"PrincipalSID":"S-1-5-21-3332504370-1206983947-1165150453-512","PrincipalType":"Group","RightName":"Owner","AceType":"","IsInherited":false},{"PrincipalSID":"CASCADE.LOCAL-S-1-5-32-548","PrincipalType":"Group","RightName":"GenericAll","AceType":"","IsInherited":false},{"PrincipalSID":"S-1-5-21-3332504370-1206983947-1165150453-512","PrincipalType":"Group","RightName":"GenericAll","AceType":"","IsInherited":false},{"PrincipalSID":"S-1-5-21-3332504370-1206983947-1165150453-519","PrincipalType":"Group","RightName":"GenericAll","AceType":"","IsInherited":true},{"PrincipalSID":"CASCADE.LOCAL-S-1-5-32-544","PrincipalType":"Group","RightName":"WriteDacl","AceType":"","IsInherited":true},{"PrincipalSID":"CASCADE.LOCAL-S-1-5-32-544","PrincipalType":"Group","RightName":"WriteOwner","AceType":"","IsInherited":true},{"PrincipalSID":"CASCADE.LOCAL-S-1-5-32-544","PrincipalType":"Group","RightName":"GenericWrite","AceType":"","IsInherited":true}]},{"Properties":{"highvalue":false,"name":"DATA SHARE@CASCADE.LOCAL","domain":"CASCADE.LOCAL","objectid":"S-1-5-21-3332504370-1206983947-1165150453-1138","distinguishedname":"CN=Data Share,OU=Groups,OU=UK,DC=cascade,DC=local","description":"\\\\Casc-DC1\\Data","admincount":false},"Members":[{"MemberId":"S-1-5-21-3332504370-1206983947-1165150453-513","MemberType":"Group"}],"ObjectIdentifier":"S-1-5-21-3332504370-1206983947-1165150453-1138","Aces":[{"PrincipalSID":"S-1-5-21-3332504370-1206983947-1165150453-512","PrincipalType":"Group","RightName":"Owner","AceType":"","IsInherited":false},{"PrincipalSID":"CASCADE.LOCAL-S-1-5-32-548","PrincipalType":"Group","RightName":"GenericAll","AceType":"","IsInherited":false},{"PrincipalSID":"S-1-5-21-3332504370-1206983947-1165150453-512","PrincipalType":"Group","RightName":"GenericAll","AceType":"","IsInherited":false},{"PrincipalSID":"S-1-5-21-3332504370-1206983947-1165150453-519","PrincipalType":"Group","RightName":"GenericAll","AceType":"","IsInherited":true},{"PrincipalSID":"CASCADE.LOCAL-S-1-5-32-544","PrincipalType":"Group","RightName":"WriteDacl","AceType":"","IsInherited":true},{"PrincipalSID":"CASCADE.LOCAL-S-1-5-32-544","PrincipalType":"Group","RightName":"WriteOwner","AceType":"","IsInherited":true},{"PrincipalSID":"CASCADE.LOCAL-S-1-5-32-544","PrincipalType":"Group","RightName":"GenericWrite","AceType":"","IsInherited":true}]},{"Properties":{"highvalue":false,"name":"SCHEMA ADMINS@CASCADE.LOCAL","domain":"CASCADE.LOCAL","objectid":"S-1-5-21-3332504370-1206983947-1165150453-518","distinguishedname":"CN=Schema Admins,CN=Users,DC=cascade,DC=local","description":"Designated administrators of the schema","admincount":true},"Members":[{"MemberId":"S-1-5-21-3332504370-1206983947-1165150453-500","MemberType":"User"}],"ObjectIdentifier":"S-1-5-21-3332504370-1206983947-1165150453-518","Aces":[{"PrincipalSID":"S-1-5-21-3332504370-1206983947-1165150453-512","PrincipalType":"Group","RightName":"Owner","AceType":"","IsInherited":false},{"PrincipalSID":"CASCADE.LOCAL-S-1-5-32-544","PrincipalType":"Group","RightName":"WriteDacl","AceType":"","IsInherited":false},{"PrincipalSID":"CASCADE.LOCAL-S-1-5-32-544","PrincipalType":"Group","RightName":"WriteOwner","AceType":"","IsInherited":false},{"PrincipalSID":"CASCADE.LOCAL-S-1-5-32-544","PrincipalType":"Group","RightName":"GenericWrite","AceType":"","IsInherited":false},{"PrincipalSID":"S-1-5-21-3332504370-1206983947-1165150453-512","PrincipalType":"Group","RightName":"WriteDacl","AceType":"","IsInherited":false},{"PrincipalSID":"S-1-5-21-3332504370-1206983947-1165150453-512","PrincipalType":"Group","RightName":"WriteOwner","AceType":"","IsInherited":false},{"PrincipalSID":"S-1-5-21-3332504370-1206983947-1165150453-512","PrincipalType":"Group","RightName":"GenericWrite","AceType":"","IsInherited":false},{"PrincipalSID":"S-1-5-21-3332504370-1206983947-1165150453-519","PrincipalType":"Group","RightName":"WriteDacl","AceType":"","IsInherited":false},{"PrincipalSID":"S-1-5-21-3332504370-1206983947-1165150453-519","PrincipalType":"Group","RightName":"WriteOwner","AceType":"","IsInherited":false},{"PrincipalSID":"S-1-5-21-3332504370-1206983947-1165150453-519","PrincipalType":"Group","RightName":"GenericWrite","AceType":"","IsInherited":false}]},{"Properties":{"highvalue":true,"name":"ENTERPRISE ADMINS@CASCADE.LOCAL","domain":"CASCADE.LOCAL","objectid":"S-1-5-21-3332504370-1206983947-1165150453-519","distinguishedname":"CN=Enterprise Admins,CN=Users,DC=cascade,DC=local","description":"Designated administrators of the enterprise","admincount":true},"Members":[{"MemberId":"S-1-5-21-3332504370-1206983947-1165150453-500","MemberType":"User"}],"ObjectIdentifier":"S-1-5-21-3332504370-1206983947-1165150453-519","Aces":[{"PrincipalSID":"S-1-5-21-3332504370-1206983947-1165150453-512","PrincipalType":"Group","RightName":"Owner","AceType":"","IsInherited":false},{"PrincipalSID":"CASCADE.LOCAL-S-1-5-32-544","PrincipalType":"Group","RightName":"WriteDacl","AceType":"","IsInherited":false},{"PrincipalSID":"CASCADE.LOCAL-S-1-5-32-544","PrincipalType":"Group","RightName":"WriteOwner","AceType":"","IsInherited":false},{"PrincipalSID":"CASCADE.LOCAL-S-1-5-32-544","PrincipalType":"Group","RightName":"GenericWrite","AceType":"","IsInherited":false},{"PrincipalSID":"S-1-5-21-3332504370-1206983947-1165150453-512","PrincipalType":"Group","RightName":"WriteDacl","AceType":"","IsInherited":false},{"PrincipalSID":"S-1-5-21-3332504370-1206983947-1165150453-512","PrincipalType":"Group","RightName":"WriteOwner","AceType":"","IsInherited":false},{"PrincipalSID":"S-1-5-21-3332504370-1206983947-1165150453-512","PrincipalType":"Group","RightName":"GenericWrite","AceType":"","IsInherited":false},{"PrincipalSID":"S-1-5-21-3332504370-1206983947-1165150453-519","PrincipalType":"Group","RightName":"WriteDacl","AceType":"","IsInherited":false},{"PrincipalSID":"S-1-5-21-3332504370-1206983947-1165150453-519","PrincipalType":"Group","RightName":"WriteOwner","AceType":"","IsInherited":false},{"PrincipalSID":"S-1-5-21-3332504370-1206983947-1165150453-519","PrincipalType":"Group","RightName":"GenericWrite","AceType":"","IsInherited":false}]},{"Properties":{"highvalue":false,"name":"WINDOWS AUTHORIZATION ACCESS GROUP@CASCADE.LOCAL","domain":"CASCADE.LOCAL","objectid":"CASCADE.LOCAL-S-1-5-32-560","distinguishedname":"CN=Windows Authorization Access Group,CN=Builtin,DC=cascade,DC=local","description":"Members of this group have access to the computed tokenGroupsGlobalAndUniversal attribute on User objects","admincount":false},"Members":[{"MemberId":"CASCADE.LOCAL-S-1-5-9","MemberType":"Group"}],"ObjectIdentifier":"CASCADE.LOCAL-S-1-5-32-560","Aces":[{"PrincipalSID":"S-1-5-21-3332504370-1206983947-1165150453-512","PrincipalType":"Group","RightName":"Owner","AceType":"","IsInherited":false},{"PrincipalSID":"CASCADE.LOCAL-S-1-5-32-548","PrincipalType":"Group","RightName":"GenericAll","AceType":"","IsInherited":false},{"PrincipalSID":"S-1-5-21-3332504370-1206983947-1165150453-512","PrincipalType":"Group","RightName":"GenericAll","AceType":"","IsInherited":false},{"PrincipalSID":"S-1-5-21-3332504370-1206983947-1165150453-519","PrincipalType":"Group","RightName":"GenericAll","AceType":"","IsInherited":true},{"PrincipalSID":"CASCADE.LOCAL-S-1-5-32-544","PrincipalType":"Group","RightName":"WriteDacl","AceType":"","IsInherited":true},{"PrincipalSID":"CASCADE.LOCAL-S-1-5-32-544","PrincipalType":"Group","RightName":"WriteOwner","AceType":"","IsInherited":true},{"PrincipalSID":"CASCADE.LOCAL-S-1-5-32-544","PrincipalType":"Group","RightName":"GenericWrite","AceType":"","IsInherited":true}]},{"Properties":{"highvalue":true,"name":"DOMAIN ADMINS@CASCADE.LOCAL","domain":"CASCADE.LOCAL","objectid":"S-1-5-21-3332504370-1206983947-1165150453-512","distinguishedname":"CN=Domain Admins,CN=Users,DC=cascade,DC=local","description":"Designated administrators of the domain","admincount":true},"Members":[{"MemberId":"S-1-5-21-3332504370-1206983947-1165150453-500","MemberType":"User"}],"ObjectIdentifier":"S-1-5-21-3332504370-1206983947-1165150453-512","Aces":[{"PrincipalSID":"S-1-5-21-3332504370-1206983947-1165150453-512","PrincipalType":"Group","RightName":"Owner","AceType":"","IsInherited":false},{"PrincipalSID":"CASCADE.LOCAL-S-1-5-32-544","PrincipalType":"Group","RightName":"WriteDacl","AceType":"","IsInherited":false},{"PrincipalSID":"CASCADE.LOCAL-S-1-5-32-544","PrincipalType":"Group","RightName":"WriteOwner","AceType":"","IsInherited":false},{"PrincipalSID":"CASCADE.LOCAL-S-1-5-32-544","PrincipalType":"Group","RightName":"GenericWrite","AceType":"","IsInherited":false},{"PrincipalSID":"S-1-5-21-3332504370-1206983947-1165150453-512","PrincipalType":"Group","RightName":"WriteDacl","AceType":"","IsInherited":false},{"PrincipalSID":"S-1-5-21-3332504370-1206983947-1165150453-512","PrincipalType":"Group","RightName":"WriteOwner","AceType":"","IsInherited":false},{"PrincipalSID":"S-1-5-21-3332504370-1206983947-1165150453-512","PrincipalType":"Group","RightName":"GenericWrite","AceType":"","IsInherited":false},{"PrincipalSID":"S-1-5-21-3332504370-1206983947-1165150453-519","PrincipalType":"Group","RightName":"WriteDacl","AceType":"","IsInherited":false},{"PrincipalSID":"S-1-5-21-3332504370-1206983947-1165150453-519","PrincipalType":"Group","RightName":"WriteOwner","AceType":"","IsInherited":false},{"PrincipalSID":"S-1-5-21-3332504370-1206983947-1165150453-519","PrincipalType":"Group","RightName":"GenericWrite","AceType":"","IsInherited":false}]},{"Properties":{"highvalue":false,"name":"PRODUCTION@CASCADE.LOCAL","domain":"CASCADE.LOCAL","objectid":"S-1-5-21-3332504370-1206983947-1165150453-1114","distinguishedname":"CN=Production,OU=Groups,OU=UK,DC=cascade,DC=local","description":null,"admincount":false},"Members":[],"ObjectIdentifier":"S-1-5-21-3332504370-1206983947-1165150453-1114","Aces":[{"PrincipalSID":"S-1-5-21-3332504370-1206983947-1165150453-512","PrincipalType":"Group","RightName":"Owner","AceType":"","IsInherited":false},{"PrincipalSID":"CASCADE.LOCAL-S-1-5-32-548","PrincipalType":"Group","RightName":"GenericAll","AceType":"","IsInherited":false},{"PrincipalSID":"S-1-5-21-3332504370-1206983947-1165150453-512","PrincipalType":"Group","RightName":"GenericAll","AceType":"","IsInherited":false},{"PrincipalSID":"S-1-5-21-3332504370-1206983947-1165150453-519","PrincipalType":"Group","RightName":"GenericAll","AceType":"","IsInherited":true},{"PrincipalSID":"CASCADE.LOCAL-S-1-5-32-544","PrincipalType":"Group","RightName":"WriteDacl","AceType":"","IsInherited":true},{"PrincipalSID":"CASCADE.LOCAL-S-1-5-32-544","PrincipalType":"Group","RightName":"WriteOwner","AceType":"","IsInherited":true},{"PrincipalSID":"CASCADE.LOCAL-S-1-5-32-544","PrincipalType":"Group","RightName":"GenericWrite","AceType":"","IsInherited":true}]},{"Properties":{"highvalue":false,"name":"TEMPS@CASCADE.LOCAL","domain":"CASCADE.LOCAL","objectid":"S-1-5-21-3332504370-1206983947-1165150453-1123","distinguishedname":"CN=Temps,OU=Groups,OU=UK,DC=cascade,DC=local","description":null,"admincount":false},"Members":[],"ObjectIdentifier":"S-1-5-21-3332504370-1206983947-1165150453-1123","Aces":[{"PrincipalSID":"S-1-5-21-3332504370-1206983947-1165150453-512","PrincipalType":"Group","RightName":"Owner","AceType":"","IsInherited":false},{"PrincipalSID":"CASCADE.LOCAL-S-1-5-32-548","PrincipalType":"Group","RightName":"GenericAll","AceType":"","IsInherited":false},{"PrincipalSID":"S-1-5-21-3332504370-1206983947-1165150453-512","PrincipalType":"Group","RightName":"GenericAll","AceType":"","IsInherited":false},{"PrincipalSID":"S-1-5-21-3332504370-1206983947-1165150453-519","PrincipalType":"Group","RightName":"GenericAll","AceType":"","IsInherited":true},{"PrincipalSID":"CASCADE.LOCAL-S-1-5-32-544","PrincipalType":"Group","RightName":"WriteDacl","AceType":"","IsInherited":true},{"PrincipalSID":"CASCADE.LOCAL-S-1-5-32-544","PrincipalType":"Group","RightName":"WriteOwner","AceType":"","IsInherited":true},{"PrincipalSID":"CASCADE.LOCAL-S-1-5-32-544","PrincipalType":"Group","RightName":"GenericWrite","AceType":"","IsInherited":true}]},{"Properties":{"highvalue":false,"name":"BACKUP@CASCADE.LOCAL","domain":"CASCADE.LOCAL","objectid":"S-1-5-21-3332504370-1206983947-1165150453-1120","distinguishedname":"CN=Backup,OU=Groups,OU=UK,DC=cascade,DC=local","description":null,"admincount":false},"Members":[],"ObjectIdentifier":"S-1-5-21-3332504370-1206983947-1165150453-1120","Aces":[{"PrincipalSID":"S-1-5-21-3332504370-1206983947-1165150453-512","PrincipalType":"Group","RightName":"Owner","AceType":"","IsInherited":false},{"PrincipalSID":"CASCADE.LOCAL-S-1-5-32-548","PrincipalType":"Group","RightName":"GenericAll","AceType":"","IsInherited":false},{"PrincipalSID":"S-1-5-21-3332504370-1206983947-1165150453-512","PrincipalType":"Group","RightName":"GenericAll","AceType":"","IsInherited":false},{"PrincipalSID":"S-1-5-21-3332504370-1206983947-1165150453-519","PrincipalType":"Group","RightName":"GenericAll","AceType":"","IsInherited":true},{"PrincipalSID":"CASCADE.LOCAL-S-1-5-32-544","PrincipalType":"Group","RightName":"WriteDacl","AceType":"","IsInherited":true},{"PrincipalSID":"CASCADE.LOCAL-S-1-5-32-544","PrincipalType":"Group","RightName":"WriteOwner","AceType":"","IsInherited":true},{"PrincipalSID":"CASCADE.LOCAL-S-1-5-32-544","PrincipalType":"Group","RightName":"GenericWrite","AceType":"","IsInherited":true}]},{"Properties":{"highvalue":false,"name":"WINRMREMOTEWMIUSERS__@CASCADE.LOCAL","domain":"CASCADE.LOCAL","objectid":"S-1-5-21-3332504370-1206983947-1165150453-1125","distinguishedname":"CN=WinRMRemoteWMIUsers__,CN=Users,DC=cascade,DC=local","description":"Members of this group can access WMI resources over management protocols (such as WS-Management via the Windows Remote Management service). This applies only to WMI namespaces that grant access to the user.","admincount":false},"Members":[],"ObjectIdentifier":"S-1-5-21-3332504370-1206983947-1165150453-1125","Aces":[{"PrincipalSID":"CASCADE.LOCAL-S-1-5-32-548","PrincipalType":"Group","RightName":"GenericAll","AceType":"","IsInherited":false},{"PrincipalSID":"S-1-5-21-3332504370-1206983947-1165150453-512","PrincipalType":"Group","RightName":"GenericAll","AceType":"","IsInherited":false},{"PrincipalSID":"S-1-5-21-3332504370-1206983947-1165150453-519","PrincipalType":"Group","RightName":"GenericAll","AceType":"","IsInherited":true},{"PrincipalSID":"CASCADE.LOCAL-S-1-5-32-544","PrincipalType":"Group","RightName":"WriteDacl","AceType":"","IsInherited":true},{"PrincipalSID":"CASCADE.LOCAL-S-1-5-32-544","PrincipalType":"Group","RightName":"WriteOwner","AceType":"","IsInherited":true},{"PrincipalSID":"CASCADE.LOCAL-S-1-5-32-544","PrincipalType":"Group","RightName":"GenericWrite","AceType":"","IsInherited":true}]},{"Properties":{"highvalue":false,"name":"FINANCE@CASCADE.LOCAL","domain":"CASCADE.LOCAL","objectid":"S-1-5-21-3332504370-1206983947-1165150453-1133","distinguishedname":"CN=Finance,OU=Groups,OU=UK,DC=cascade,DC=local","description":null,"admincount":false},"Members":[],"ObjectIdentifier":"S-1-5-21-3332504370-1206983947-1165150453-1133","Aces":[{"PrincipalSID":"S-1-5-21-3332504370-1206983947-1165150453-512","PrincipalType":"Group","RightName":"Owner","AceType":"","IsInherited":false},{"PrincipalSID":"CASCADE.LOCAL-S-1-5-32-548","PrincipalType":"Group","RightName":"GenericAll","AceType":"","IsInherited":false},{"PrincipalSID":"S-1-5-21-3332504370-1206983947-1165150453-512","PrincipalType":"Group","RightName":"GenericAll","AceType":"","IsInherited":false},{"PrincipalSID":"S-1-5-21-3332504370-1206983947-1165150453-519","PrincipalType":"Group","RightName":"GenericAll","AceType":"","IsInherited":true},{"PrincipalSID":"CASCADE.LOCAL-S-1-5-32-544","PrincipalType":"Group","RightName":"WriteDacl","AceType":"","IsInherited":true},{"PrincipalSID":"CASCADE.LOCAL-S-1-5-32-544","PrincipalType":"Group","RightName":"WriteOwner","AceType":"","IsInherited":true},{"PrincipalSID":"CASCADE.LOCAL-S-1-5-32-544","PrincipalType":"Group","RightName":"GenericWrite","AceType":"","IsInherited":true}]},{"Properties":{"highvalue":false,"name":"FACTORY@CASCADE.LOCAL","domain":"CASCADE.LOCAL","objectid":"S-1-5-21-3332504370-1206983947-1165150453-1132","distinguishedname":"CN=Factory,OU=Groups,OU=UK,DC=cascade,DC=local","description":null,"admincount":false},"Members":[],"ObjectIdentifier":"S-1-5-21-3332504370-1206983947-1165150453-1132","Aces":[{"PrincipalSID":"S-1-5-21-3332504370-1206983947-1165150453-512","PrincipalType":"Group","RightName":"Owner","AceType":"","IsInherited":false},{"PrincipalSID":"CASCADE.LOCAL-S-1-5-32-548","PrincipalType":"Group","RightName":"GenericAll","AceType":"","IsInherited":false},{"PrincipalSID":"S-1-5-21-3332504370-1206983947-1165150453-512","PrincipalType":"Group","RightName":"GenericAll","AceType":"","IsInherited":false},{"PrincipalSID":"S-1-5-21-3332504370-1206983947-1165150453-519","PrincipalType":"Group","RightName":"GenericAll","AceType":"","IsInherited":true},{"PrincipalSID":"CASCADE.LOCAL-S-1-5-32-544","PrincipalType":"Group","RightName":"WriteDacl","AceType":"","IsInherited":true},{"PrincipalSID":"CASCADE.LOCAL-S-1-5-32-544","PrincipalType":"Group","RightName":"WriteOwner","AceType":"","IsInherited":true},{"PrincipalSID":"CASCADE.LOCAL-S-1-5-32-544","PrincipalType":"Group","RightName":"GenericWrite","AceType":"","IsInherited":true}]},{"Properties":{"highvalue":true,"name":"DOMAIN CONTROLLERS@CASCADE.LOCAL","domain":"CASCADE.LOCAL","objectid":"S-1-5-21-3332504370-1206983947-1165150453-516","distinguishedname":"CN=Domain Controllers,CN=Users,DC=cascade,DC=local","description":"All domain controllers in the domain","admincount":true},"Members":[],"ObjectIdentifier":"S-1-5-21-3332504370-1206983947-1165150453-516","Aces":[{"PrincipalSID":"S-1-5-21-3332504370-1206983947-1165150453-512","PrincipalType":"Group","RightName":"Owner","AceType":"","IsInherited":false},{"PrincipalSID":"CASCADE.LOCAL-S-1-5-32-544","PrincipalType":"Group","RightName":"WriteDacl","AceType":"","IsInherited":false},{"PrincipalSID":"CASCADE.LOCAL-S-1-5-32-544","PrincipalType":"Group","RightName":"WriteOwner","AceType":"","IsInherited":false},{"PrincipalSID":"CASCADE.LOCAL-S-1-5-32-544","PrincipalType":"Group","RightName":"GenericWrite","AceType":"","IsInherited":false},{"PrincipalSID":"S-1-5-21-3332504370-1206983947-1165150453-512","PrincipalType":"Group","RightName":"WriteDacl","AceType":"","IsInherited":false},{"PrincipalSID":"S-1-5-21-3332504370-1206983947-1165150453-512","PrincipalType":"Group","RightName":"WriteOwner","AceType":"","IsInherited":false},{"PrincipalSID":"S-1-5-21-3332504370-1206983947-1165150453-512","PrincipalType":"Group","RightName":"GenericWrite","AceType":"","IsInherited":false},{"PrincipalSID":"S-1-5-21-3332504370-1206983947-1165150453-519","PrincipalType":"Group","RightName":"WriteDacl","AceType":"","IsInherited":false},{"PrincipalSID":"S-1-5-21-3332504370-1206983947-1165150453-519","PrincipalType":"Group","RightName":"WriteOwner","AceType":"","IsInherited":false},{"PrincipalSID":"S-1-5-21-3332504370-1206983947-1165150453-519","PrincipalType":"Group","RightName":"GenericWrite","AceType":"","IsInherited":false}]},{"Properties":{"highvalue":false,"name":"DOMAIN COMPUTERS@CASCADE.LOCAL","domain":"CASCADE.LOCAL","objectid":"S-1-5-21-3332504370-1206983947-1165150453-515","distinguishedname":"CN=Domain Computers,CN=Users,DC=cascade,DC=local","description":"All workstations and servers joined to the domain","admincount":false},"Members":[],"ObjectIdentifier":"S-1-5-21-3332504370-1206983947-1165150453-515","Aces":[{"PrincipalSID":"S-1-5-21-3332504370-1206983947-1165150453-512","PrincipalType":"Group","RightName":"Owner","AceType":"","IsInherited":false},{"PrincipalSID":"CASCADE.LOCAL-S-1-5-32-548","PrincipalType":"Group","RightName":"GenericAll","AceType":"","IsInherited":false},{"PrincipalSID":"S-1-5-21-3332504370-1206983947-1165150453-512","PrincipalType":"Group","RightName":"GenericAll","AceType":"","IsInherited":false},{"PrincipalSID":"S-1-5-21-3332504370-1206983947-1165150453-519","PrincipalType":"Group","RightName":"GenericAll","AceType":"","IsInherited":true},{"PrincipalSID":"CASCADE.LOCAL-S-1-5-32-544","PrincipalType":"Group","RightName":"WriteDacl","AceType":"","IsInherited":true},{"PrincipalSID":"CASCADE.LOCAL-S-1-5-32-544","PrincipalType":"Group","RightName":"WriteOwner","AceType":"","IsInherited":true},{"PrincipalSID":"CASCADE.LOCAL-S-1-5-32-544","PrincipalType":"Group","RightName":"GenericWrite","AceType":"","IsInherited":true}]},{"Properties":{"highvalue":true,"name":"GROUP POLICY CREATOR OWNERS@CASCADE.LOCAL","domain":"CASCADE.LOCAL","objectid":"S-1-5-21-3332504370-1206983947-1165150453-520","distinguishedname":"CN=Group Policy Creator Owners,CN=Users,DC=cascade,DC=local","description":"Members in this group can modify group policy for the domain","admincount":false},"Members":[{"MemberId":"S-1-5-21-3332504370-1206983947-1165150453-500","MemberType":"User"}],"ObjectIdentifier":"S-1-5-21-3332504370-1206983947-1165150453-520","Aces":[{"PrincipalSID":"S-1-5-21-3332504370-1206983947-1165150453-512","PrincipalType":"Group","RightName":"Owner","AceType":"","IsInherited":false},{"PrincipalSID":"CASCADE.LOCAL-S-1-5-32-548","PrincipalType":"Group","RightName":"GenericAll","AceType":"","IsInherited":false},{"PrincipalSID":"S-1-5-21-3332504370-1206983947-1165150453-512","PrincipalType":"Group","RightName":"GenericAll","AceType":"","IsInherited":false},{"PrincipalSID":"S-1-5-21-3332504370-1206983947-1165150453-519","PrincipalType":"Group","RightName":"GenericAll","AceType":"","IsInherited":true},{"PrincipalSID":"CASCADE.LOCAL-S-1-5-32-544","PrincipalType":"Group","RightName":"WriteDacl","AceType":"","IsInherited":true},{"PrincipalSID":"CASCADE.LOCAL-S-1-5-32-544","PrincipalType":"Group","RightName":"WriteOwner","AceType":"","IsInherited":true},{"PrincipalSID":"CASCADE.LOCAL-S-1-5-32-544","PrincipalType":"Group","RightName":"GenericWrite","AceType":"","IsInherited":true}]},{"Properties":{"highvalue":false,"name":"DOMAIN USERS@CASCADE.LOCAL","domain":"CASCADE.LOCAL","objectid":"S-1-5-21-3332504370-1206983947-1165150453-513","distinguishedname":"CN=Domain Users,CN=Users,DC=cascade,DC=local","description":"All domain users","admincount":false},"Members":[],"ObjectIdentifier":"S-1-5-21-3332504370-1206983947-1165150453-513","Aces":[{"PrincipalSID":"S-1-5-21-3332504370-1206983947-1165150453-512","PrincipalType":"Group","RightName":"Owner","AceType":"","IsInherited":false},{"PrincipalSID":"CASCADE.LOCAL-S-1-5-32-548","PrincipalType":"Group","RightName":"GenericAll","AceType":"","IsInherited":false},{"PrincipalSID":"S-1-5-21-3332504370-1206983947-1165150453-512","PrincipalType":"Group","RightName":"GenericAll","AceType":"","IsInherited":false},{"PrincipalSID":"S-1-5-21-3332504370-1206983947-1165150453-519","PrincipalType":"Group","RightName":"GenericAll","AceType":"","IsInherited":true},{"PrincipalSID":"CASCADE.LOCAL-S-1-5-32-544","PrincipalType":"Group","RightName":"WriteDacl","AceType":"","IsInherited":true},{"PrincipalSID":"CASCADE.LOCAL-S-1-5-32-544","PrincipalType":"Group","RightName":"WriteOwner","AceType":"","IsInherited":true},{"PrincipalSID":"CASCADE.LOCAL-S-1-5-32-544","PrincipalType":"Group","RightName":"GenericWrite","AceType":"","IsInherited":true}]},{"Properties":{"highvalue":false,"name":"READ-ONLY DOMAIN CONTROLLERS@CASCADE.LOCAL","domain":"CASCADE.LOCAL","objectid":"S-1-5-21-3332504370-1206983947-1165150453-521","distinguishedname":"CN=Read-only Domain Controllers,CN=Users,DC=cascade,DC=local","description":"Members of this group are Read-Only Domain Controllers in the domain","admincount":true},"Members":[],"ObjectIdentifier":"S-1-5-21-3332504370-1206983947-1165150453-521","Aces":[{"PrincipalSID":"S-1-5-21-3332504370-1206983947-1165150453-512","PrincipalType":"Group","RightName":"Owner","AceType":"","IsInherited":false},{"PrincipalSID":"CASCADE.LOCAL-S-1-5-32-544","PrincipalType":"Group","RightName":"WriteDacl","AceType":"","IsInherited":false},{"PrincipalSID":"CASCADE.LOCAL-S-1-5-32-544","PrincipalType":"Group","RightName":"WriteOwner","AceType":"","IsInherited":false},{"PrincipalSID":"CASCADE.LOCAL-S-1-5-32-544","PrincipalType":"Group","RightName":"GenericWrite","AceType":"","IsInherited":false},{"PrincipalSID":"S-1-5-21-3332504370-1206983947-1165150453-512","PrincipalType":"Group","RightName":"WriteDacl","AceType":"","IsInherited":false},{"PrincipalSID":"S-1-5-21-3332504370-1206983947-1165150453-512","PrincipalType":"Group","RightName":"WriteOwner","AceType":"","IsInherited":false},{"PrincipalSID":"S-1-5-21-3332504370-1206983947-1165150453-512","PrincipalType":"Group","RightName":"GenericWrite","AceType":"","IsInherited":false},{"PrincipalSID":"S-1-5-21-3332504370-1206983947-1165150453-519","PrincipalType":"Group","RightName":"WriteDacl","AceType":"","IsInherited":false},{"PrincipalSID":"S-1-5-21-3332504370-1206983947-1165150453-519","PrincipalType":"Group","RightName":"WriteOwner","AceType":"","IsInherited":false},{"PrincipalSID":"S-1-5-21-3332504370-1206983947-1165150453-519","PrincipalType":"Group","RightName":"GenericWrite","AceType":"","IsInherited":false}]},{"Properties":{"highvalue":false,"name":"DOMAIN GUESTS@CASCADE.LOCAL","domain":"CASCADE.LOCAL","objectid":"S-1-5-21-3332504370-1206983947-1165150453-514","distinguishedname":"CN=Domain Guests,CN=Users,DC=cascade,DC=local","description":"All domain guests","admincount":false},"Members":[],"ObjectIdentifier":"S-1-5-21-3332504370-1206983947-1165150453-514","Aces":[{"PrincipalSID":"S-1-5-21-3332504370-1206983947-1165150453-512","PrincipalType":"Group","RightName":"Owner","AceType":"","IsInherited":false},{"PrincipalSID":"CASCADE.LOCAL-S-1-5-32-548","PrincipalType":"Group","RightName":"GenericAll","AceType":"","IsInherited":false},{"PrincipalSID":"S-1-5-21-3332504370-1206983947-1165150453-512","PrincipalType":"Group","RightName":"GenericAll","AceType":"","IsInherited":false},{"PrincipalSID":"S-1-5-21-3332504370-1206983947-1165150453-519","PrincipalType":"Group","RightName":"GenericAll","AceType":"","IsInherited":true},{"PrincipalSID":"CASCADE.LOCAL-S-1-5-32-544","PrincipalType":"Group","RightName":"WriteDacl","AceType":"","IsInherited":true},{"PrincipalSID":"CASCADE.LOCAL-S-1-5-32-544","PrincipalType":"Group","RightName":"WriteOwner","AceType":"","IsInherited":true},{"PrincipalSID":"CASCADE.LOCAL-S-1-5-32-544","PrincipalType":"Group","RightName":"GenericWrite","AceType":"","IsInherited":true}]},{"Properties":{"highvalue":false,"name":"ENTERPRISE READ-ONLY DOMAIN CONTROLLERS@CASCADE.LOCAL","domain":"CASCADE.LOCAL","objectid":"S-1-5-21-3332504370-1206983947-1165150453-498","distinguishedname":"CN=Enterprise Read-only Domain Controllers,CN=Users,DC=cascade,DC=local","description":"Members of this group are Read-Only Domain Controllers in the enterprise","admincount":false},"Members":[],"ObjectIdentifier":"S-1-5-21-3332504370-1206983947-1165150453-498","Aces":[{"PrincipalSID":"S-1-5-21-3332504370-1206983947-1165150453-512","PrincipalType":"Group","RightName":"Owner","AceType":"","IsInherited":false},{"PrincipalSID":"CASCADE.LOCAL-S-1-5-32-548","PrincipalType":"Group","RightName":"GenericAll","AceType":"","IsInherited":false},{"PrincipalSID":"S-1-5-21-3332504370-1206983947-1165150453-512","PrincipalType":"Group","RightName":"GenericAll","AceType":"","IsInherited":false},{"PrincipalSID":"S-1-5-21-3332504370-1206983947-1165150453-519","PrincipalType":"Group","RightName":"GenericAll","AceType":"","IsInherited":true},{"PrincipalSID":"CASCADE.LOCAL-S-1-5-32-544","PrincipalType":"Group","RightName":"WriteDacl","AceType":"","IsInherited":true},{"PrincipalSID":"CASCADE.LOCAL-S-1-5-32-544","PrincipalType":"Group","RightName":"WriteOwner","AceType":"","IsInherited":true},{"PrincipalSID":"CASCADE.LOCAL-S-1-5-32-544","PrincipalType":"Group","RightName":"GenericWrite","AceType":"","IsInherited":true}]},{"Properties":{"highvalue":false,"name":"DNSUPDATEPROXY@CASCADE.LOCAL","domain":"CASCADE.LOCAL","objectid":"S-1-5-21-3332504370-1206983947-1165150453-1103","distinguishedname":"CN=DnsUpdateProxy,CN=Users,DC=cascade,DC=local","description":"DNS clients who are permitted to perform dynamic updates on behalf of some other clients (such as DHCP servers).","admincount":false},"Members":[],"ObjectIdentifier":"S-1-5-21-3332504370-1206983947-1165150453-1103","Aces":[{"PrincipalSID":"CASCADE.LOCAL-S-1-5-32-548","PrincipalType":"Group","RightName":"GenericAll","AceType":"","IsInherited":false},{"PrincipalSID":"S-1-5-21-3332504370-1206983947-1165150453-512","PrincipalType":"Group","RightName":"GenericAll","AceType":"","IsInherited":false},{"PrincipalSID":"S-1-5-21-3332504370-1206983947-1165150453-519","PrincipalType":"Group","RightName":"GenericAll","AceType":"","IsInherited":true},{"PrincipalSID":"CASCADE.LOCAL-S-1-5-32-544","PrincipalType":"Group","RightName":"WriteDacl","AceType":"","IsInherited":true},{"PrincipalSID":"CASCADE.LOCAL-S-1-5-32-544","PrincipalType":"Group","RightName":"WriteOwner","AceType":"","IsInherited":true},{"PrincipalSID":"CASCADE.LOCAL-S-1-5-32-544","PrincipalType":"Group","RightName":"GenericWrite","AceType":"","IsInherited":true}]},{"Properties":{"highvalue":false,"name":"DNSADMINS@CASCADE.LOCAL","domain":"CASCADE.LOCAL","objectid":"S-1-5-21-3332504370-1206983947-1165150453-1102","distinguishedname":"CN=DnsAdmins,CN=Users,DC=cascade,DC=local","description":"DNS Administrators Group","admincount":false},"Members":[],"ObjectIdentifier":"S-1-5-21-3332504370-1206983947-1165150453-1102","Aces":[{"PrincipalSID":"CASCADE.LOCAL-S-1-5-32-548","PrincipalType":"Group","RightName":"GenericAll","AceType":"","IsInherited":false},{"PrincipalSID":"S-1-5-21-3332504370-1206983947-1165150453-512","PrincipalType":"Group","RightName":"GenericAll","AceType":"","IsInherited":false},{"PrincipalSID":"S-1-5-21-3332504370-1206983947-1165150453-519","PrincipalType":"Group","RightName":"GenericAll","AceType":"","IsInherited":true},{"PrincipalSID":"CASCADE.LOCAL-S-1-5-32-544","PrincipalType":"Group","RightName":"WriteDacl","AceType":"","IsInherited":true},{"PrincipalSID":"CASCADE.LOCAL-S-1-5-32-544","PrincipalType":"Group","RightName":"WriteOwner","AceType":"","IsInherited":true},{"PrincipalSID":"CASCADE.LOCAL-S-1-5-32-544","PrincipalType":"Group","RightName":"GenericWrite","AceType":"","IsInherited":true}]},{"Properties":{"name":"ENTERPRISE DOMAIN CONTROLLERS@CASCADE.LOCAL","domain":"CASCADE.LOCAL"},"Members":[{"MemberId":"S-1-5-21-3332504370-1206983947-1165150453-1001","MemberType":"Computer"}],"ObjectIdentifier":"CASCADE.LOCAL-S-1-5-9","Aces":[]},{"Properties":{"name":"EVERYONE@CASCADE.LOCAL"},"Members":[{"MemberId":"S-1-5-21-3332504370-1206983947-1165150453-515","MemberType":"Group"},{"MemberId":"S-1-5-21-3332504370-1206983947-1165150453-513","MemberType":"Group"}],"ObjectIdentifier":"CASCADE.LOCAL-S-1-1-0","Aces":[]},{"Properties":{"name":"AUTHENTICATED USERS@CASCADE.LOCAL"},"Members":[{"MemberId":"S-1-5-21-3332504370-1206983947-1165150453-515","MemberType":"Group"},{"MemberId":"S-1-5-21-3332504370-1206983947-1165150453-513","MemberType":"Group"}],"ObjectIdentifier":"CASCADE.LOCAL-S-1-5-11","Aces":[]},{"Properties":{"name":"ADMINISTRATORS@CASCADE.LOCAL","domain":"CASCADE.LOCAL"},"Members":[],"ObjectIdentifier":"CASCADE.LOCAL-S-1-5-32-544","Aces":[]}],"meta":{"count":53,"type":"groups","version":3}}