﻿{"computers":[{"Properties":{"haslaps":false,"highvalue":false,"name":"CASC-DC1.CASCADE.LOCAL","domain":"CASCADE.LOCAL","objectid":"S-1-5-21-3332504370-1206983947-1165150453-1001","distinguishedname":"CN=CASC-DC1,OU=Domain Controllers,DC=cascade,DC=local","description":null,"enabled":true,"unconstraineddelegation":true,"serviceprincipalnames":["TERMSRV/CASC-DC1","TERMSRV/CASC-DC1.cascade.local","ldap/CASC-DC1.cascade.local/ForestDnsZones.cascade.local","ldap/CASC-DC1.cascade.local/DomainDnsZones.cascade.local","Dfsr-12F9A27C-BF97-4787-9364-D31B6C55EB04/CASC-DC1.cascade.local","DNS/CASC-DC1.cascade.local","GC/CASC-DC1.cascade.local/cascade.local","RestrictedKrbHost/CASC-DC1.cascade.local","RestrictedKrbHost/CASC-DC1","HOST/CASC-DC1/CASCADE","HOST/CASC-DC1.cascade.local/CASCADE","HOST/CASC-DC1","HOST/CASC-DC1.cascade.local","HOST/CASC-DC1.cascade.local/cascade.local","E3514235-4B06-11D1-AB04-00C04FC2DCD2/8bfc9a6c-6edc-45bd-9e27-251f9de2d5f7/cascade.local","ldap/CASC-DC1/CASCADE","ldap/8bfc9a6c-6edc-45bd-9e27-251f9de2d5f7._msdcs.cascade.local","ldap/CASC-DC1.cascade.local/CASCADE","ldap/CASC-DC1","ldap/CASC-DC1.cascade.local","ldap/CASC-DC1.cascade.local/cascade.local"],"lastlogontimestamp":1591169828,"pwdlastset":1591169823,"operatingsystem":"Windows Server 2008 R2 Standard Service Pack 1"},"AllowedToDelegate":[],"AllowedToAct":[],"PrimaryGroupSid":"S-1-5-21-3332504370-1206983947-1165150453-516","Sessions":[{"UserId":"S-1-5-21-3332504370-1206983947-1165150453-1106","ComputerId":"S-1-5-21-3332504370-1206983947-1165150453-1001"},{"UserId":"S-1-5-21-3332504370-1206983947-1165150453-1107","ComputerId":"S-1-5-21-3332504370-1206983947-1165150453-1001"},{"UserId":"S-1-5-21-3332504370-1206983947-1165150453-500","ComputerId":"S-1-5-21-3332504370-1206983947-1165150453-1001"}],"LocalAdmins":[{"MemberId":"S-1-5-21-3332504370-1206983947-1165150453-500","MemberType":"User"},{"MemberId":"S-1-5-21-3332504370-1206983947-1165150453-519","MemberType":"Group"},{"MemberId":"S-1-5-21-3332504370-1206983947-1165150453-512","MemberType":"Group"}],"RemoteDesktopUsers":[],"DcomUsers":[],"PSRemoteUsers":[],"ObjectIdentifier":"S-1-5-21-3332504370-1206983947-1165150453-1001","Aces":[{"PrincipalSID":"S-1-5-21-3332504370-1206983947-1165150453-512","PrincipalType":"Group","RightName":"Owner","AceType":"","IsInherited":false},{"PrincipalSID":"S-1-5-21-3332504370-1206983947-1165150453-512","PrincipalType":"Group","RightName":"GenericAll","AceType":"","IsInherited":false},{"PrincipalSID":"S-1-5-21-3332504370-1206983947-1165150453-519","PrincipalType":"Group","RightName":"GenericAll","AceType":"","IsInherited":true},{"PrincipalSID":"CASCADE.LOCAL-S-1-5-32-544","PrincipalType":"Group","RightName":"WriteDacl","AceType":"","IsInherited":true},{"PrincipalSID":"CASCADE.LOCAL-S-1-5-32-544","PrincipalType":"Group","RightName":"WriteOwner","AceType":"","IsInherited":true},{"PrincipalSID":"CASCADE.LOCAL-S-1-5-32-544","PrincipalType":"Group","RightName":"GenericWrite","AceType":"","IsInherited":true}]}],"meta":{"count":1,"type":"computers","version":3}}