﻿{"domains":[{"Properties":{"highvalue":true,"name":"CASCADE.LOCAL","domain":"CASCADE.LOCAL","objectid":"S-1-5-21-3332504370-1206983947-1165150453","distinguishedname":"DC=cascade,DC=local","description":null,"functionallevel":"2008 R2"},"Users":["S-1-5-21-3332504370-1206983947-1165150453-500","S-1-5-21-3332504370-1206983947-1165150453-501","S-1-5-21-3332504370-1206983947-1165150453-502"],"Computers":[],"ChildOus":["D3DBE943-BF96-46CD-9C8D-3900A001EEDF","83E2CCE3-0368-45BE-B0AF-EB7A7B9F60C2"],"Trusts":[],"Links":[{"IsEnforced":false,"Guid":"5F3D3DE4-B6D8-4880-984F-76440C3E0A6B"}],"RemoteDesktopUsers":[],"LocalAdmins":[],"DcomUsers":[],"PSRemoteUsers":[],"ObjectIdentifier":"S-1-5-21-3332504370-1206983947-1165150453","Aces":[{"PrincipalSID":"CASCADE.LOCAL-S-1-5-32-544","PrincipalType":"Group","RightName":"Owner","AceType":"","IsInherited":false},{"PrincipalSID":"CASCADE.LOCAL-S-1-5-32-544","PrincipalType":"Group","RightName":"WriteDacl","AceType":"","IsInherited":false},{"PrincipalSID":"CASCADE.LOCAL-S-1-5-32-544","PrincipalType":"Group","RightName":"WriteOwner","AceType":"","IsInherited":false},{"PrincipalSID":"CASCADE.LOCAL-S-1-5-32-544","PrincipalType":"Group","RightName":"ExtendedRight","AceType":"All","IsInherited":false},{"PrincipalSID":"S-1-5-21-3332504370-1206983947-1165150453-512","PrincipalType":"Group","RightName":"WriteDacl","AceType":"","IsInherited":false},{"PrincipalSID":"S-1-5-21-3332504370-1206983947-1165150453-512","PrincipalType":"Group","RightName":"WriteOwner","AceType":"","IsInherited":false},{"PrincipalSID":"S-1-5-21-3332504370-1206983947-1165150453-512","PrincipalType":"Group","RightName":"ExtendedRight","AceType":"All","IsInherited":false},{"PrincipalSID":"S-1-5-21-3332504370-1206983947-1165150453-519","PrincipalType":"Group","RightName":"GenericAll","AceType":"","IsInherited":false},{"PrincipalSID":"CASCADE.LOCAL-S-1-5-9","PrincipalType":"Group","RightName":"ExtendedRight","AceType":"GetChanges","IsInherited":false},{"PrincipalSID":"CASCADE.LOCAL-S-1-5-32-544","PrincipalType":"Group","RightName":"ExtendedRight","AceType":"GetChanges","IsInherited":false},{"PrincipalSID":"CASCADE.LOCAL-S-1-5-32-544","PrincipalType":"Group","RightName":"ExtendedRight","AceType":"GetChangesAll","IsInherited":false},{"PrincipalSID":"S-1-5-21-3332504370-1206983947-1165150453-498","PrincipalType":"Group","RightName":"ExtendedRight","AceType":"GetChanges","IsInherited":false},{"PrincipalSID":"S-1-5-21-3332504370-1206983947-1165150453-516","PrincipalType":"Group","RightName":"ExtendedRight","AceType":"GetChangesAll","IsInherited":false}]}],"meta":{"count":1,"type":"domains","version":3}}