﻿{"gpos":[{"Properties":{"highvalue":false,"name":"DEFAULT DOMAIN POLICY@CASCADE.LOCAL","domain":"CASCADE.LOCAL","objectid":"5F3D3DE4-B6D8-4880-984F-76440C3E0A6B","distinguishedname":"CN={31B2F340-016D-11D2-945F-00C04FB984F9},CN=Policies,CN=System,DC=cascade,DC=local","description":null,"gpcpath":"\\\\cascade.local\\sysvol\\cascade.local\\Policies\\{31B2F340-016D-11D2-945F-00C04FB984F9}"},"ObjectIdentifier":"5F3D3DE4-B6D8-4880-984F-76440C3E0A6B","Aces":[{"PrincipalSID":"S-1-5-21-3332504370-1206983947-1165150453-512","PrincipalType":"Group","RightName":"Owner","AceType":"","IsInherited":false},{"PrincipalSID":"S-1-5-21-3332504370-1206983947-1165150453-512","PrincipalType":"Group","RightName":"WriteDacl","AceType":"","IsInherited":false},{"PrincipalSID":"S-1-5-21-3332504370-1206983947-1165150453-512","PrincipalType":"Group","RightName":"WriteOwner","AceType":"","IsInherited":false},{"PrincipalSID":"S-1-5-21-3332504370-1206983947-1165150453-512","PrincipalType":"Group","RightName":"GenericWrite","AceType":"","IsInherited":false},{"PrincipalSID":"S-1-5-21-3332504370-1206983947-1165150453-512","PrincipalType":"Group","RightName":"WriteDacl","AceType":"","IsInherited":false},{"PrincipalSID":"S-1-5-21-3332504370-1206983947-1165150453-512","PrincipalType":"Group","RightName":"WriteOwner","AceType":"","IsInherited":false},{"PrincipalSID":"S-1-5-21-3332504370-1206983947-1165150453-512","PrincipalType":"Group","RightName":"GenericWrite","AceType":"","IsInherited":false},{"PrincipalSID":"S-1-5-21-3332504370-1206983947-1165150453-519","PrincipalType":"Group","RightName":"WriteDacl","AceType":"","IsInherited":false},{"PrincipalSID":"S-1-5-21-3332504370-1206983947-1165150453-519","PrincipalType":"Group","RightName":"WriteOwner","AceType":"","IsInherited":false},{"PrincipalSID":"S-1-5-21-3332504370-1206983947-1165150453-519","PrincipalType":"Group","RightName":"GenericWrite","AceType":"","IsInherited":false}]},{"Properties":{"highvalue":false,"name":"DEFAULT DOMAIN CONTROLLERS POLICY@CASCADE.LOCAL","domain":"CASCADE.LOCAL","objectid":"E2CDDE84-0143-4447-BF79-FB82285E287C","distinguishedname":"CN={6AC1786C-016F-11D2-945F-00C04fB984F9},CN=Policies,CN=System,DC=cascade,DC=local","description":null,"gpcpath":"\\\\cascade.local\\sysvol\\cascade.local\\Policies\\{6AC1786C-016F-11D2-945F-00C04fB984F9}"},"ObjectIdentifier":"E2CDDE84-0143-4447-BF79-FB82285E287C","Aces":[{"PrincipalSID":"S-1-5-21-3332504370-1206983947-1165150453-512","PrincipalType":"Group","RightName":"Owner","AceType":"","IsInherited":false},{"PrincipalSID":"S-1-5-21-3332504370-1206983947-1165150453-512","PrincipalType":"Group","RightName":"WriteDacl","AceType":"","IsInherited":false},{"PrincipalSID":"S-1-5-21-3332504370-1206983947-1165150453-512","PrincipalType":"Group","RightName":"WriteOwner","AceType":"","IsInherited":false},{"PrincipalSID":"S-1-5-21-3332504370-1206983947-1165150453-512","PrincipalType":"Group","RightName":"GenericWrite","AceType":"","IsInherited":false},{"PrincipalSID":"S-1-5-21-3332504370-1206983947-1165150453-512","PrincipalType":"Group","RightName":"WriteDacl","AceType":"","IsInherited":false},{"PrincipalSID":"S-1-5-21-3332504370-1206983947-1165150453-512","PrincipalType":"Group","RightName":"WriteOwner","AceType":"","IsInherited":false},{"PrincipalSID":"S-1-5-21-3332504370-1206983947-1165150453-512","PrincipalType":"Group","RightName":"GenericWrite","AceType":"","IsInherited":false},{"PrincipalSID":"S-1-5-21-3332504370-1206983947-1165150453-519","PrincipalType":"Group","RightName":"WriteDacl","AceType":"","IsInherited":false},{"PrincipalSID":"S-1-5-21-3332504370-1206983947-1165150453-519","PrincipalType":"Group","RightName":"WriteOwner","AceType":"","IsInherited":false},{"PrincipalSID":"S-1-5-21-3332504370-1206983947-1165150453-519","PrincipalType":"Group","RightName":"GenericWrite","AceType":"","IsInherited":false}]},{"Properties":{"highvalue":false,"name":"LOGON SCRIPTS@CASCADE.LOCAL","domain":"CASCADE.LOCAL","objectid":"E62070F4-AA82-4898-844F-121650464DBA","distinguishedname":"CN={322FEA29-156D-4476-8A06-1935A3525C1C},CN=Policies,CN=System,DC=cascade,DC=local","description":null,"gpcpath":"\\\\cascade.local\\SysVol\\cascade.local\\Policies\\{322FEA29-156D-4476-8A06-1935A3525C1C}"},"ObjectIdentifier":"E62070F4-AA82-4898-844F-121650464DBA","Aces":[{"PrincipalSID":"S-1-5-21-3332504370-1206983947-1165150453-512","PrincipalType":"Group","RightName":"Owner","AceType":"","IsInherited":false},{"PrincipalSID":"S-1-5-21-3332504370-1206983947-1165150453-512","PrincipalType":"Group","RightName":"WriteDacl","AceType":"","IsInherited":false},{"PrincipalSID":"S-1-5-21-3332504370-1206983947-1165150453-512","PrincipalType":"Group","RightName":"WriteOwner","AceType":"","IsInherited":false},{"PrincipalSID":"S-1-5-21-3332504370-1206983947-1165150453-512","PrincipalType":"Group","RightName":"GenericWrite","AceType":"","IsInherited":false},{"PrincipalSID":"S-1-5-21-3332504370-1206983947-1165150453-519","PrincipalType":"Group","RightName":"WriteDacl","AceType":"","IsInherited":false},{"PrincipalSID":"S-1-5-21-3332504370-1206983947-1165150453-519","PrincipalType":"Group","RightName":"WriteOwner","AceType":"","IsInherited":false},{"PrincipalSID":"S-1-5-21-3332504370-1206983947-1165150453-519","PrincipalType":"Group","RightName":"GenericWrite","AceType":"","IsInherited":false}]},{"Properties":{"highvalue":false,"name":"TERMINAL SERVICES@CASCADE.LOCAL","domain":"CASCADE.LOCAL","objectid":"3BBB0CAF-0429-41D0-A983-CF2B54555778","distinguishedname":"CN={2906D621-7B58-40F1-AA47-4ED2AEF29484},CN=Policies,CN=System,DC=cascade,DC=local","description":null,"gpcpath":"\\\\cascade.local\\SysVol\\cascade.local\\Policies\\{2906D621-7B58-40F1-AA47-4ED2AEF29484}"},"ObjectIdentifier":"3BBB0CAF-0429-41D0-A983-CF2B54555778","Aces":[{"PrincipalSID":"S-1-5-21-3332504370-1206983947-1165150453-512","PrincipalType":"Group","RightName":"Owner","AceType":"","IsInherited":false},{"PrincipalSID":"S-1-5-21-3332504370-1206983947-1165150453-512","PrincipalType":"Group","RightName":"WriteDacl","AceType":"","IsInherited":false},{"PrincipalSID":"S-1-5-21-3332504370-1206983947-1165150453-512","PrincipalType":"Group","RightName":"WriteOwner","AceType":"","IsInherited":false},{"PrincipalSID":"S-1-5-21-3332504370-1206983947-1165150453-512","PrincipalType":"Group","RightName":"GenericWrite","AceType":"","IsInherited":false},{"PrincipalSID":"S-1-5-21-3332504370-1206983947-1165150453-519","PrincipalType":"Group","RightName":"WriteDacl","AceType":"","IsInherited":false},{"PrincipalSID":"S-1-5-21-3332504370-1206983947-1165150453-519","PrincipalType":"Group","RightName":"WriteOwner","AceType":"","IsInherited":false},{"PrincipalSID":"S-1-5-21-3332504370-1206983947-1165150453-519","PrincipalType":"Group","RightName":"GenericWrite","AceType":"","IsInherited":false}]},{"Properties":{"highvalue":false,"name":"PASSWORD RESET@CASCADE.LOCAL","domain":"CASCADE.LOCAL","objectid":"73D828F0-518F-4E18-9C1D-8B9BBC280CF7","distinguishedname":"CN={820E48A7-D083-4C2D-B5F8-B24462924714},CN=Policies,CN=System,DC=cascade,DC=local","description":null,"gpcpath":"\\\\cascade.local\\SysVol\\cascade.local\\Policies\\{820E48A7-D083-4C2D-B5F8-B24462924714}"},"ObjectIdentifier":"73D828F0-518F-4E18-9C1D-8B9BBC280CF7","Aces":[{"PrincipalSID":"S-1-5-21-3332504370-1206983947-1165150453-512","PrincipalType":"Group","RightName":"Owner","AceType":"","IsInherited":false},{"PrincipalSID":"S-1-5-21-3332504370-1206983947-1165150453-512","PrincipalType":"Group","RightName":"WriteDacl","AceType":"","IsInherited":false},{"PrincipalSID":"S-1-5-21-3332504370-1206983947-1165150453-512","PrincipalType":"Group","RightName":"WriteOwner","AceType":"","IsInherited":false},{"PrincipalSID":"S-1-5-21-3332504370-1206983947-1165150453-512","PrincipalType":"Group","RightName":"GenericWrite","AceType":"","IsInherited":false},{"PrincipalSID":"S-1-5-21-3332504370-1206983947-1165150453-519","PrincipalType":"Group","RightName":"WriteDacl","AceType":"","IsInherited":false},{"PrincipalSID":"S-1-5-21-3332504370-1206983947-1165150453-519","PrincipalType":"Group","RightName":"WriteOwner","AceType":"","IsInherited":false},{"PrincipalSID":"S-1-5-21-3332504370-1206983947-1165150453-519","PrincipalType":"Group","RightName":"GenericWrite","AceType":"","IsInherited":false}]},{"Properties":{"highvalue":false,"name":"TEST@CASCADE.LOCAL","domain":"CASCADE.LOCAL","objectid":"5DC529A2-7034-4650-BC81-F612321BFEB9","distinguishedname":"CN={4026EDF8-DBDA-4AED-8266-5A04B80D9327},CN=Policies,CN=System,DC=cascade,DC=local","description":null,"gpcpath":"\\\\cascade.local\\SysVol\\cascade.local\\Policies\\{4026EDF8-DBDA-4AED-8266-5A04B80D9327}"},"ObjectIdentifier":"5DC529A2-7034-4650-BC81-F612321BFEB9","Aces":[{"PrincipalSID":"S-1-5-21-3332504370-1206983947-1165150453-512","PrincipalType":"Group","RightName":"Owner","AceType":"","IsInherited":false},{"PrincipalSID":"S-1-5-21-3332504370-1206983947-1165150453-512","PrincipalType":"Group","RightName":"WriteDacl","AceType":"","IsInherited":false},{"PrincipalSID":"S-1-5-21-3332504370-1206983947-1165150453-512","PrincipalType":"Group","RightName":"WriteOwner","AceType":"","IsInherited":false},{"PrincipalSID":"S-1-5-21-3332504370-1206983947-1165150453-512","PrincipalType":"Group","RightName":"GenericWrite","AceType":"","IsInherited":false},{"PrincipalSID":"S-1-5-21-3332504370-1206983947-1165150453-519","PrincipalType":"Group","RightName":"WriteDacl","AceType":"","IsInherited":false},{"PrincipalSID":"S-1-5-21-3332504370-1206983947-1165150453-519","PrincipalType":"Group","RightName":"WriteOwner","AceType":"","IsInherited":false},{"PrincipalSID":"S-1-5-21-3332504370-1206983947-1165150453-519","PrincipalType":"Group","RightName":"GenericWrite","AceType":"","IsInherited":false}]},{"Properties":{"highvalue":false,"name":"USER RESTRICTIONS@CASCADE.LOCAL","domain":"CASCADE.LOCAL","objectid":"85CA21C2-4E19-4361-8977-2AD7F12471C3","distinguishedname":"CN={D67C2AD5-44C7-4468-BA4C-199E75B2F295},CN=Policies,CN=System,DC=cascade,DC=local","description":null,"gpcpath":"\\\\cascade.local\\SysVol\\cascade.local\\Policies\\{D67C2AD5-44C7-4468-BA4C-199E75B2F295}"},"ObjectIdentifier":"85CA21C2-4E19-4361-8977-2AD7F12471C3","Aces":[{"PrincipalSID":"S-1-5-21-3332504370-1206983947-1165150453-512","PrincipalType":"Group","RightName":"Owner","AceType":"","IsInherited":false},{"PrincipalSID":"S-1-5-21-3332504370-1206983947-1165150453-512","PrincipalType":"Group","RightName":"WriteDacl","AceType":"","IsInherited":false},{"PrincipalSID":"S-1-5-21-3332504370-1206983947-1165150453-512","PrincipalType":"Group","RightName":"WriteOwner","AceType":"","IsInherited":false},{"PrincipalSID":"S-1-5-21-3332504370-1206983947-1165150453-512","PrincipalType":"Group","RightName":"GenericWrite","AceType":"","IsInherited":false},{"PrincipalSID":"S-1-5-21-3332504370-1206983947-1165150453-519","PrincipalType":"Group","RightName":"WriteDacl","AceType":"","IsInherited":false},{"PrincipalSID":"S-1-5-21-3332504370-1206983947-1165150453-519","PrincipalType":"Group","RightName":"WriteOwner","AceType":"","IsInherited":false},{"PrincipalSID":"S-1-5-21-3332504370-1206983947-1165150453-519","PrincipalType":"Group","RightName":"GenericWrite","AceType":"","IsInherited":false}]}],"meta":{"count":7,"type":"gpos","version":3}}