﻿{"ous":[{"Properties":{"highvalue":false,"name":"UK@CASCADE.LOCAL","domain":"CASCADE.LOCAL","objectid":"83E2CCE3-0368-45BE-B0AF-EB7A7B9F60C2","distinguishedname":"OU=UK,DC=cascade,DC=local","description":null,"blocksinheritance":false},"Links":[],"ACLProtected":false,"Users":[],"Computers":[],"ChildOus":["009CF8E5-17D6-4B93-A342-3E5F0B1E0B0E","CD9CE157-6BF0-4D3B-A221-B9DBDD068695","D0C852F6-7F65-4663-96F1-E833691ED509"],"RemoteDesktopUsers":[],"LocalAdmins":[],"DcomUsers":[],"PSRemoteUsers":[],"ObjectIdentifier":"83E2CCE3-0368-45BE-B0AF-EB7A7B9F60C2","Aces":[{"PrincipalSID":"S-1-5-21-3332504370-1206983947-1165150453-512","PrincipalType":"Group","RightName":"Owner","AceType":"","IsInherited":false},{"PrincipalSID":"S-1-5-21-3332504370-1206983947-1165150453-512","PrincipalType":"Group","RightName":"GenericAll","AceType":"","IsInherited":false},{"PrincipalSID":"S-1-5-21-3332504370-1206983947-1165150453-519","PrincipalType":"Group","RightName":"GenericAll","AceType":"","IsInherited":true},{"PrincipalSID":"CASCADE.LOCAL-S-1-5-32-544","PrincipalType":"Group","RightName":"WriteDacl","AceType":"","IsInherited":true},{"PrincipalSID":"CASCADE.LOCAL-S-1-5-32-544","PrincipalType":"Group","RightName":"WriteOwner","AceType":"","IsInherited":true}]},{"Properties":{"highvalue":false,"name":"GROUPS@CASCADE.LOCAL","domain":"CASCADE.LOCAL","objectid":"CD9CE157-6BF0-4D3B-A221-B9DBDD068695","distinguishedname":"OU=Groups,OU=UK,DC=cascade,DC=local","description":null,"blocksinheritance":false},"Links":[],"ACLProtected":false,"Users":[],"Computers":[],"ChildOus":[],"RemoteDesktopUsers":[],"LocalAdmins":[],"DcomUsers":[],"PSRemoteUsers":[],"ObjectIdentifier":"CD9CE157-6BF0-4D3B-A221-B9DBDD068695","Aces":[{"PrincipalSID":"S-1-5-21-3332504370-1206983947-1165150453-512","PrincipalType":"Group","RightName":"Owner","AceType":"","IsInherited":false},{"PrincipalSID":"S-1-5-21-3332504370-1206983947-1165150453-512","PrincipalType":"Group","RightName":"GenericAll","AceType":"","IsInherited":false},{"PrincipalSID":"S-1-5-21-3332504370-1206983947-1165150453-519","PrincipalType":"Group","RightName":"GenericAll","AceType":"","IsInherited":true},{"PrincipalSID":"CASCADE.LOCAL-S-1-5-32-544","PrincipalType":"Group","RightName":"WriteDacl","AceType":"","IsInherited":true},{"PrincipalSID":"CASCADE.LOCAL-S-1-5-32-544","PrincipalType":"Group","RightName":"WriteOwner","AceType":"","IsInherited":true}]},{"Properties":{"highvalue":false,"name":"COMPUTERS@CASCADE.LOCAL","domain":"CASCADE.LOCAL","objectid":"009CF8E5-17D6-4B93-A342-3E5F0B1E0B0E","distinguishedname":"OU=Computers,OU=UK,DC=cascade,DC=local","description":null,"blocksinheritance":false},"Links":[],"ACLProtected":false,"Users":[],"Computers":[],"ChildOus":[],"RemoteDesktopUsers":[],"LocalAdmins":[],"DcomUsers":[],"PSRemoteUsers":[],"ObjectIdentifier":"009CF8E5-17D6-4B93-A342-3E5F0B1E0B0E","Aces":[{"PrincipalSID":"S-1-5-21-3332504370-1206983947-1165150453-512","PrincipalType":"Group","RightName":"Owner","AceType":"","IsInherited":false},{"PrincipalSID":"S-1-5-21-3332504370-1206983947-1165150453-512","PrincipalType":"Group","RightName":"GenericAll","AceType":"","IsInherited":false},{"PrincipalSID":"S-1-5-21-3332504370-1206983947-1165150453-519","PrincipalType":"Group","RightName":"GenericAll","AceType":"","IsInherited":true},{"PrincipalSID":"CASCADE.LOCAL-S-1-5-32-544","PrincipalType":"Group","RightName":"WriteDacl","AceType":"","IsInherited":true},{"PrincipalSID":"CASCADE.LOCAL-S-1-5-32-544","PrincipalType":"Group","RightName":"WriteOwner","AceType":"","IsInherited":true}]},{"Properties":{"highvalue":false,"name":"SERVICES@CASCADE.LOCAL","domain":"CASCADE.LOCAL","objectid":"37092A1A-7716-4E90-8D6E-B6A830B2EE23","distinguishedname":"OU=Services,OU=Users,OU=UK,DC=cascade,DC=local","description":null,"blocksinheritance":false},"Links":[],"ACLProtected":false,"Users":["S-1-5-21-3332504370-1206983947-1165150453-1106","S-1-5-21-3332504370-1206983947-1165150453-1130","S-1-5-21-3332504370-1206983947-1165150453-1111"],"Computers":[],"ChildOus":[],"RemoteDesktopUsers":[],"LocalAdmins":[],"DcomUsers":[],"PSRemoteUsers":[],"ObjectIdentifier":"37092A1A-7716-4E90-8D6E-B6A830B2EE23","Aces":[{"PrincipalSID":"S-1-5-21-3332504370-1206983947-1165150453-512","PrincipalType":"Group","RightName":"Owner","AceType":"","IsInherited":false},{"PrincipalSID":"S-1-5-21-3332504370-1206983947-1165150453-512","PrincipalType":"Group","RightName":"GenericAll","AceType":"","IsInherited":false},{"PrincipalSID":"S-1-5-21-3332504370-1206983947-1165150453-519","PrincipalType":"Group","RightName":"GenericAll","AceType":"","IsInherited":true},{"PrincipalSID":"CASCADE.LOCAL-S-1-5-32-544","PrincipalType":"Group","RightName":"WriteDacl","AceType":"","IsInherited":true},{"PrincipalSID":"CASCADE.LOCAL-S-1-5-32-544","PrincipalType":"Group","RightName":"WriteOwner","AceType":"","IsInherited":true}]},{"Properties":{"highvalue":false,"name":"DOMAIN CONTROLLERS@CASCADE.LOCAL","domain":"CASCADE.LOCAL","objectid":"D3DBE943-BF96-46CD-9C8D-3900A001EEDF","distinguishedname":"OU=Domain Controllers,DC=cascade,DC=local","description":"Default container for domain controllers","blocksinheritance":false},"Links":[{"IsEnforced":false,"Guid":"E2CDDE84-0143-4447-BF79-FB82285E287C"}],"ACLProtected":false,"Users":[],"Computers":["S-1-5-21-3332504370-1206983947-1165150453-1001"],"ChildOus":[],"RemoteDesktopUsers":[],"LocalAdmins":[],"DcomUsers":[],"PSRemoteUsers":[],"ObjectIdentifier":"D3DBE943-BF96-46CD-9C8D-3900A001EEDF","Aces":[{"PrincipalSID":"S-1-5-21-3332504370-1206983947-1165150453-512","PrincipalType":"Group","RightName":"Owner","AceType":"","IsInherited":false},{"PrincipalSID":"S-1-5-21-3332504370-1206983947-1165150453-512","PrincipalType":"Group","RightName":"WriteDacl","AceType":"","IsInherited":false},{"PrincipalSID":"S-1-5-21-3332504370-1206983947-1165150453-512","PrincipalType":"Group","RightName":"WriteOwner","AceType":"","IsInherited":false},{"PrincipalSID":"S-1-5-21-3332504370-1206983947-1165150453-519","PrincipalType":"Group","RightName":"GenericAll","AceType":"","IsInherited":true},{"PrincipalSID":"CASCADE.LOCAL-S-1-5-32-544","PrincipalType":"Group","RightName":"WriteDacl","AceType":"","IsInherited":true},{"PrincipalSID":"CASCADE.LOCAL-S-1-5-32-544","PrincipalType":"Group","RightName":"WriteOwner","AceType":"","IsInherited":true}]},{"Properties":{"highvalue":false,"name":"USERS@CASCADE.LOCAL","domain":"CASCADE.LOCAL","objectid":"D0C852F6-7F65-4663-96F1-E833691ED509","distinguishedname":"OU=Users,OU=UK,DC=cascade,DC=local","description":null,"blocksinheritance":false},"Links":[{"IsEnforced":false,"Guid":"E62070F4-AA82-4898-844F-121650464DBA"}],"ACLProtected":false,"Users":["S-1-5-21-3332504370-1206983947-1165150453-1124","S-1-5-21-3332504370-1206983947-1165150453-1128","S-1-5-21-3332504370-1206983947-1165150453-1129","S-1-5-21-3332504370-1206983947-1165150453-1127","S-1-5-21-3332504370-1206983947-1165150453-1135","S-1-5-21-3332504370-1206983947-1165150453-1116","S-1-5-21-3332504370-1206983947-1165150453-1122","S-1-5-21-3332504370-1206983947-1165150453-1134","S-1-5-21-3332504370-1206983947-1165150453-1109","S-1-5-21-3332504370-1206983947-1165150453-1121","S-1-5-21-3332504370-1206983947-1165150453-1107"],"Computers":[],"ChildOus":["37092A1A-7716-4E90-8D6E-B6A830B2EE23"],"RemoteDesktopUsers":[],"LocalAdmins":[],"DcomUsers":[],"PSRemoteUsers":[],"ObjectIdentifier":"D0C852F6-7F65-4663-96F1-E833691ED509","Aces":[{"PrincipalSID":"S-1-5-21-3332504370-1206983947-1165150453-512","PrincipalType":"Group","RightName":"Owner","AceType":"","IsInherited":false},{"PrincipalSID":"S-1-5-21-3332504370-1206983947-1165150453-512","PrincipalType":"Group","RightName":"GenericAll","AceType":"","IsInherited":false},{"PrincipalSID":"S-1-5-21-3332504370-1206983947-1165150453-519","PrincipalType":"Group","RightName":"GenericAll","AceType":"","IsInherited":true},{"PrincipalSID":"CASCADE.LOCAL-S-1-5-32-544","PrincipalType":"Group","RightName":"WriteDacl","AceType":"","IsInherited":true},{"PrincipalSID":"CASCADE.LOCAL-S-1-5-32-544","PrincipalType":"Group","RightName":"WriteOwner","AceType":"","IsInherited":true}]}],"meta":{"count":6,"type":"ous","version":3}}