﻿{"users":[{"Properties":{"highvalue":false,"name":"ADMINISTRATOR@CASCADE.LOCAL","domain":"CASCADE.LOCAL","objectid":"S-1-5-21-3332504370-1206983947-1165150453-500","distinguishedname":"CN=Administrator,CN=Users,DC=cascade,DC=local","description":"Built-in account for administering the computer/domain","dontreqpreauth":false,"passwordnotreqd":false,"unconstraineddelegation":false,"sensitive":false,"enabled":true,"pwdneverexpires":false,"lastlogon":1591169852,"lastlogontimestamp":1591169837,"pwdlastset":1584952781,"serviceprincipalnames":[],"hasspn":false,"displayname":null,"email":null,"title":null,"homedirectory":null,"userpassword":null,"admincount":true,"sidhistory":[]},"AllowedToDelegate":[],"SPNTargets":[],"PrimaryGroupSid":"S-1-5-21-3332504370-1206983947-1165150453-513","HasSIDHistory":[],"ObjectIdentifier":"S-1-5-21-3332504370-1206983947-1165150453-500","Aces":[{"PrincipalSID":"S-1-5-21-3332504370-1206983947-1165150453-512","PrincipalType":"Group","RightName":"Owner","AceType":"","IsInherited":false},{"PrincipalSID":"CASCADE.LOCAL-S-1-5-32-544","PrincipalType":"Group","RightName":"WriteDacl","AceType":"","IsInherited":false},{"PrincipalSID":"CASCADE.LOCAL-S-1-5-32-544","PrincipalType":"Group","RightName":"WriteOwner","AceType":"","IsInherited":false},{"PrincipalSID":"CASCADE.LOCAL-S-1-5-32-544","PrincipalType":"Group","RightName":"ExtendedRight","AceType":"All","IsInherited":false},{"PrincipalSID":"CASCADE.LOCAL-S-1-5-32-544","PrincipalType":"Group","RightName":"GenericWrite","AceType":"","IsInherited":false},{"PrincipalSID":"S-1-5-21-3332504370-1206983947-1165150453-512","PrincipalType":"Group","RightName":"WriteDacl","AceType":"","IsInherited":false},{"PrincipalSID":"S-1-5-21-3332504370-1206983947-1165150453-512","PrincipalType":"Group","RightName":"WriteOwner","AceType":"","IsInherited":false},{"PrincipalSID":"S-1-5-21-3332504370-1206983947-1165150453-512","PrincipalType":"Group","RightName":"ExtendedRight","AceType":"All","IsInherited":false},{"PrincipalSID":"S-1-5-21-3332504370-1206983947-1165150453-512","PrincipalType":"Group","RightName":"GenericWrite","AceType":"","IsInherited":false},{"PrincipalSID":"S-1-5-21-3332504370-1206983947-1165150453-519","PrincipalType":"Group","RightName":"WriteDacl","AceType":"","IsInherited":false},{"PrincipalSID":"S-1-5-21-3332504370-1206983947-1165150453-519","PrincipalType":"Group","RightName":"WriteOwner","AceType":"","IsInherited":false},{"PrincipalSID":"S-1-5-21-3332504370-1206983947-1165150453-519","PrincipalType":"Group","RightName":"ExtendedRight","AceType":"All","IsInherited":false},{"PrincipalSID":"S-1-5-21-3332504370-1206983947-1165150453-519","PrincipalType":"Group","RightName":"GenericWrite","AceType":"","IsInherited":false}]},{"Properties":{"highvalue":false,"name":"ARKSVC@CASCADE.LOCAL","domain":"CASCADE.LOCAL","objectid":"S-1-5-21-3332504370-1206983947-1165150453-1106","distinguishedname":"CN=ArkSvc,OU=Services,OU=Users,OU=UK,DC=cascade,DC=local","description":null,"dontreqpreauth":false,"passwordnotreqd":false,"unconstraineddelegation":false,"sensitive":false,"enabled":true,"pwdneverexpires":true,"lastlogon":1580331940,"lastlogontimestamp":1591173183,"pwdlastset":1578586700,"serviceprincipalnames":[],"hasspn":false,"displayname":"ArkSvc","email":null,"title":null,"homedirectory":null,"userpassword":null,"admincount":false,"sidhistory":[]},"AllowedToDelegate":[],"SPNTargets":[],"PrimaryGroupSid":"S-1-5-21-3332504370-1206983947-1165150453-513","HasSIDHistory":[],"ObjectIdentifier":"S-1-5-21-3332504370-1206983947-1165150453-1106","Aces":[{"PrincipalSID":"S-1-5-21-3332504370-1206983947-1165150453-512","PrincipalType":"Group","RightName":"Owner","AceType":"","IsInherited":false},{"PrincipalSID":"CASCADE.LOCAL-S-1-5-32-548","PrincipalType":"Group","RightName":"GenericAll","AceType":"","IsInherited":false},{"PrincipalSID":"S-1-5-21-3332504370-1206983947-1165150453-512","PrincipalType":"Group","RightName":"GenericAll","AceType":"","IsInherited":false},{"PrincipalSID":"S-1-5-21-3332504370-1206983947-1165150453-519","PrincipalType":"Group","RightName":"GenericAll","AceType":"","IsInherited":true},{"PrincipalSID":"CASCADE.LOCAL-S-1-5-32-544","PrincipalType":"Group","RightName":"WriteDacl","AceType":"","IsInherited":true},{"PrincipalSID":"CASCADE.LOCAL-S-1-5-32-544","PrincipalType":"Group","RightName":"WriteOwner","AceType":"","IsInherited":true},{"PrincipalSID":"CASCADE.LOCAL-S-1-5-32-544","PrincipalType":"Group","RightName":"ExtendedRight","AceType":"All","IsInherited":true},{"PrincipalSID":"CASCADE.LOCAL-S-1-5-32-544","PrincipalType":"Group","RightName":"GenericWrite","AceType":"","IsInherited":true}]},{"Properties":{"highvalue":false,"name":"R.THOMPSON@CASCADE.LOCAL","domain":"CASCADE.LOCAL","objectid":"S-1-5-21-3332504370-1206983947-1165150453-1109","distinguishedname":"CN=Ryan Thompson,OU=Users,OU=UK,DC=cascade,DC=local","description":null,"dontreqpreauth":false,"passwordnotreqd":false,"unconstraineddelegation":false,"sensitive":false,"enabled":true,"pwdneverexpires":true,"lastlogon":1580260312,"lastlogontimestamp":1584962431,"pwdlastset":1578598286,"serviceprincipalnames":[],"hasspn":false,"displayname":"Ryan Thompson","email":null,"title":null,"homedirectory":null,"userpassword":null,"admincount":false,"sidhistory":[]},"AllowedToDelegate":[],"SPNTargets":[],"PrimaryGroupSid":"S-1-5-21-3332504370-1206983947-1165150453-513","HasSIDHistory":[],"ObjectIdentifier":"S-1-5-21-3332504370-1206983947-1165150453-1109","Aces":[{"PrincipalSID":"S-1-5-21-3332504370-1206983947-1165150453-512","PrincipalType":"Group","RightName":"Owner","AceType":"","IsInherited":false},{"PrincipalSID":"CASCADE.LOCAL-S-1-5-32-548","PrincipalType":"Group","RightName":"GenericAll","AceType":"","IsInherited":false},{"PrincipalSID":"S-1-5-21-3332504370-1206983947-1165150453-512","PrincipalType":"Group","RightName":"GenericAll","AceType":"","IsInherited":false},{"PrincipalSID":"S-1-5-21-3332504370-1206983947-1165150453-519","PrincipalType":"Group","RightName":"GenericAll","AceType":"","IsInherited":true},{"PrincipalSID":"CASCADE.LOCAL-S-1-5-32-544","PrincipalType":"Group","RightName":"WriteDacl","AceType":"","IsInherited":true},{"PrincipalSID":"CASCADE.LOCAL-S-1-5-32-544","PrincipalType":"Group","RightName":"WriteOwner","AceType":"","IsInherited":true},{"PrincipalSID":"CASCADE.LOCAL-S-1-5-32-544","PrincipalType":"Group","RightName":"ExtendedRight","AceType":"All","IsInherited":true},{"PrincipalSID":"CASCADE.LOCAL-S-1-5-32-544","PrincipalType":"Group","RightName":"GenericWrite","AceType":"","IsInherited":true}]},{"Properties":{"highvalue":false,"name":"S.SMITH@CASCADE.LOCAL","domain":"CASCADE.LOCAL","objectid":"S-1-5-21-3332504370-1206983947-1165150453-1107","distinguishedname":"CN=Steve Smith,OU=Users,OU=UK,DC=cascade,DC=local","description":null,"dontreqpreauth":false,"passwordnotreqd":false,"unconstraineddelegation":false,"sensitive":false,"enabled":true,"pwdneverexpires":true,"lastlogon":1580253999,"lastlogontimestamp":1591170213,"pwdlastset":1580241485,"serviceprincipalnames":[],"hasspn":false,"displayname":"Steve Smith","email":null,"title":null,"homedirectory":null,"userpassword":null,"admincount":false,"sidhistory":[]},"AllowedToDelegate":[],"SPNTargets":[],"PrimaryGroupSid":"S-1-5-21-3332504370-1206983947-1165150453-513","HasSIDHistory":[],"ObjectIdentifier":"S-1-5-21-3332504370-1206983947-1165150453-1107","Aces":[{"PrincipalSID":"S-1-5-21-3332504370-1206983947-1165150453-512","PrincipalType":"Group","RightName":"Owner","AceType":"","IsInherited":false},{"PrincipalSID":"CASCADE.LOCAL-S-1-5-32-548","PrincipalType":"Group","RightName":"GenericAll","AceType":"","IsInherited":false},{"PrincipalSID":"S-1-5-21-3332504370-1206983947-1165150453-512","PrincipalType":"Group","RightName":"GenericAll","AceType":"","IsInherited":false},{"PrincipalSID":"S-1-5-21-3332504370-1206983947-1165150453-519","PrincipalType":"Group","RightName":"GenericAll","AceType":"","IsInherited":true},{"PrincipalSID":"CASCADE.LOCAL-S-1-5-32-544","PrincipalType":"Group","RightName":"WriteDacl","AceType":"","IsInherited":true},{"PrincipalSID":"CASCADE.LOCAL-S-1-5-32-544","PrincipalType":"Group","RightName":"WriteOwner","AceType":"","IsInherited":true},{"PrincipalSID":"CASCADE.LOCAL-S-1-5-32-544","PrincipalType":"Group","RightName":"ExtendedRight","AceType":"All","IsInherited":true},{"PrincipalSID":"CASCADE.LOCAL-S-1-5-32-544","PrincipalType":"Group","RightName":"GenericWrite","AceType":"","IsInherited":true}]},{"Properties":{"highvalue":false,"name":"J.WAKEFIELD@CASCADE.LOCAL","domain":"CASCADE.LOCAL","objectid":"S-1-5-21-3332504370-1206983947-1165150453-1116","distinguishedname":"CN=James Wakefield,OU=Users,OU=UK,DC=cascade,DC=local","description":null,"dontreqpreauth":false,"passwordnotreqd":false,"unconstraineddelegation":false,"sensitive":false,"enabled":true,"pwdneverexpires":true,"lastlogon":-1,"lastlogontimestamp":-1,"pwdlastset":1578602084,"serviceprincipalnames":[],"hasspn":false,"displayname":"James Wakefield","email":null,"title":null,"homedirectory":null,"userpassword":null,"admincount":false,"sidhistory":[]},"AllowedToDelegate":[],"SPNTargets":[],"PrimaryGroupSid":"S-1-5-21-3332504370-1206983947-1165150453-513","HasSIDHistory":[],"ObjectIdentifier":"S-1-5-21-3332504370-1206983947-1165150453-1116","Aces":[{"PrincipalSID":"S-1-5-21-3332504370-1206983947-1165150453-512","PrincipalType":"Group","RightName":"Owner","AceType":"","IsInherited":false},{"PrincipalSID":"CASCADE.LOCAL-S-1-5-32-548","PrincipalType":"Group","RightName":"GenericAll","AceType":"","IsInherited":false},{"PrincipalSID":"S-1-5-21-3332504370-1206983947-1165150453-512","PrincipalType":"Group","RightName":"GenericAll","AceType":"","IsInherited":false},{"PrincipalSID":"S-1-5-21-3332504370-1206983947-1165150453-519","PrincipalType":"Group","RightName":"GenericAll","AceType":"","IsInherited":true},{"PrincipalSID":"CASCADE.LOCAL-S-1-5-32-544","PrincipalType":"Group","RightName":"WriteDacl","AceType":"","IsInherited":true},{"PrincipalSID":"CASCADE.LOCAL-S-1-5-32-544","PrincipalType":"Group","RightName":"WriteOwner","AceType":"","IsInherited":true},{"PrincipalSID":"CASCADE.LOCAL-S-1-5-32-544","PrincipalType":"Group","RightName":"ExtendedRight","AceType":"All","IsInherited":true},{"PrincipalSID":"CASCADE.LOCAL-S-1-5-32-544","PrincipalType":"Group","RightName":"GenericWrite","AceType":"","IsInherited":true}]},{"Properties":{"highvalue":false,"name":"UTIL@CASCADE.LOCAL","domain":"CASCADE.LOCAL","objectid":"S-1-5-21-3332504370-1206983947-1165150453-1111","distinguishedname":"CN=Util,OU=Services,OU=Users,OU=UK,DC=cascade,DC=local","description":null,"dontreqpreauth":false,"passwordnotreqd":false,"unconstraineddelegation":false,"sensitive":false,"enabled":true,"pwdneverexpires":true,"lastlogon":1580234987,"lastlogontimestamp":1580234987,"pwdlastset":1578881231,"serviceprincipalnames":[],"hasspn":false,"displayname":"Util","email":null,"title":null,"homedirectory":null,"userpassword":null,"admincount":false,"sidhistory":[]},"AllowedToDelegate":[],"SPNTargets":[],"PrimaryGroupSid":"S-1-5-21-3332504370-1206983947-1165150453-513","HasSIDHistory":[],"ObjectIdentifier":"S-1-5-21-3332504370-1206983947-1165150453-1111","Aces":[{"PrincipalSID":"S-1-5-21-3332504370-1206983947-1165150453-512","PrincipalType":"Group","RightName":"Owner","AceType":"","IsInherited":false},{"PrincipalSID":"CASCADE.LOCAL-S-1-5-32-548","PrincipalType":"Group","RightName":"GenericAll","AceType":"","IsInherited":false},{"PrincipalSID":"S-1-5-21-3332504370-1206983947-1165150453-512","PrincipalType":"Group","RightName":"GenericAll","AceType":"","IsInherited":false},{"PrincipalSID":"S-1-5-21-3332504370-1206983947-1165150453-519","PrincipalType":"Group","RightName":"GenericAll","AceType":"","IsInherited":true},{"PrincipalSID":"CASCADE.LOCAL-S-1-5-32-544","PrincipalType":"Group","RightName":"WriteDacl","AceType":"","IsInherited":true},{"PrincipalSID":"CASCADE.LOCAL-S-1-5-32-544","PrincipalType":"Group","RightName":"WriteOwner","AceType":"","IsInherited":true},{"PrincipalSID":"CASCADE.LOCAL-S-1-5-32-544","PrincipalType":"Group","RightName":"ExtendedRight","AceType":"All","IsInherited":true},{"PrincipalSID":"CASCADE.LOCAL-S-1-5-32-544","PrincipalType":"Group","RightName":"GenericWrite","AceType":"","IsInherited":true}]},{"Properties":{"highvalue":false,"name":"S.HICKSON@CASCADE.LOCAL","domain":"CASCADE.LOCAL","objectid":"S-1-5-21-3332504370-1206983947-1165150453-1121","distinguishedname":"CN=Stephanie Hickson,OU=Users,OU=UK,DC=cascade,DC=local","description":null,"dontreqpreauth":false,"passwordnotreqd":false,"unconstraineddelegation":false,"sensitive":false,"enabled":true,"pwdneverexpires":true,"lastlogon":-1,"lastlogontimestamp":-1,"pwdlastset":1578878667,"serviceprincipalnames":[],"hasspn":false,"displayname":"Stephanie Hickson","email":null,"title":null,"homedirectory":null,"userpassword":null,"admincount":false,"sidhistory":[]},"AllowedToDelegate":[],"SPNTargets":[],"PrimaryGroupSid":"S-1-5-21-3332504370-1206983947-1165150453-513","HasSIDHistory":[],"ObjectIdentifier":"S-1-5-21-3332504370-1206983947-1165150453-1121","Aces":[{"PrincipalSID":"S-1-5-21-3332504370-1206983947-1165150453-512","PrincipalType":"Group","RightName":"Owner","AceType":"","IsInherited":false},{"PrincipalSID":"CASCADE.LOCAL-S-1-5-32-548","PrincipalType":"Group","RightName":"GenericAll","AceType":"","IsInherited":false},{"PrincipalSID":"S-1-5-21-3332504370-1206983947-1165150453-512","PrincipalType":"Group","RightName":"GenericAll","AceType":"","IsInherited":false},{"PrincipalSID":"S-1-5-21-3332504370-1206983947-1165150453-519","PrincipalType":"Group","RightName":"GenericAll","AceType":"","IsInherited":true},{"PrincipalSID":"CASCADE.LOCAL-S-1-5-32-544","PrincipalType":"Group","RightName":"WriteDacl","AceType":"","IsInherited":true},{"PrincipalSID":"CASCADE.LOCAL-S-1-5-32-544","PrincipalType":"Group","RightName":"WriteOwner","AceType":"","IsInherited":true},{"PrincipalSID":"CASCADE.LOCAL-S-1-5-32-544","PrincipalType":"Group","RightName":"ExtendedRight","AceType":"All","IsInherited":true},{"PrincipalSID":"CASCADE.LOCAL-S-1-5-32-544","PrincipalType":"Group","RightName":"GenericWrite","AceType":"","IsInherited":true}]},{"Properties":{"highvalue":false,"name":"J.GOODHAND@CASCADE.LOCAL","domain":"CASCADE.LOCAL","objectid":"S-1-5-21-3332504370-1206983947-1165150453-1122","distinguishedname":"CN=John Goodhand,OU=Users,OU=UK,DC=cascade,DC=local","description":null,"dontreqpreauth":false,"passwordnotreqd":false,"unconstraineddelegation":false,"sensitive":false,"enabled":true,"pwdneverexpires":true,"lastlogon":-1,"lastlogontimestamp":-1,"pwdlastset":1578879626,"serviceprincipalnames":[],"hasspn":false,"displayname":"John Goodhand","email":null,"title":null,"homedirectory":null,"userpassword":null,"admincount":false,"sidhistory":[]},"AllowedToDelegate":[],"SPNTargets":[],"PrimaryGroupSid":"S-1-5-21-3332504370-1206983947-1165150453-513","HasSIDHistory":[],"ObjectIdentifier":"S-1-5-21-3332504370-1206983947-1165150453-1122","Aces":[{"PrincipalSID":"S-1-5-21-3332504370-1206983947-1165150453-512","PrincipalType":"Group","RightName":"Owner","AceType":"","IsInherited":false},{"PrincipalSID":"CASCADE.LOCAL-S-1-5-32-548","PrincipalType":"Group","RightName":"GenericAll","AceType":"","IsInherited":false},{"PrincipalSID":"S-1-5-21-3332504370-1206983947-1165150453-512","PrincipalType":"Group","RightName":"GenericAll","AceType":"","IsInherited":false},{"PrincipalSID":"S-1-5-21-3332504370-1206983947-1165150453-519","PrincipalType":"Group","RightName":"GenericAll","AceType":"","IsInherited":true},{"PrincipalSID":"CASCADE.LOCAL-S-1-5-32-544","PrincipalType":"Group","RightName":"WriteDacl","AceType":"","IsInherited":true},{"PrincipalSID":"CASCADE.LOCAL-S-1-5-32-544","PrincipalType":"Group","RightName":"WriteOwner","AceType":"","IsInherited":true},{"PrincipalSID":"CASCADE.LOCAL-S-1-5-32-544","PrincipalType":"Group","RightName":"ExtendedRight","AceType":"All","IsInherited":true},{"PrincipalSID":"CASCADE.LOCAL-S-1-5-32-544","PrincipalType":"Group","RightName":"GenericWrite","AceType":"","IsInherited":true}]},{"Properties":{"highvalue":false,"name":"E.CROWE@CASCADE.LOCAL","domain":"CASCADE.LOCAL","objectid":"S-1-5-21-3332504370-1206983947-1165150453-1127","distinguishedname":"CN=Edward Crowe,OU=Users,OU=UK,DC=cascade,DC=local","description":null,"dontreqpreauth":false,"passwordnotreqd":false,"unconstraineddelegation":false,"sensitive":false,"enabled":false,"pwdneverexpires":true,"lastlogon":-1,"lastlogontimestamp":-1,"pwdlastset":1578887102,"serviceprincipalnames":[],"hasspn":false,"displayname":"Edward Crowe","email":null,"title":null,"homedirectory":null,"userpassword":null,"admincount":false,"sidhistory":[]},"AllowedToDelegate":[],"SPNTargets":[],"PrimaryGroupSid":"S-1-5-21-3332504370-1206983947-1165150453-513","HasSIDHistory":[],"ObjectIdentifier":"S-1-5-21-3332504370-1206983947-1165150453-1127","Aces":[{"PrincipalSID":"S-1-5-21-3332504370-1206983947-1165150453-512","PrincipalType":"Group","RightName":"Owner","AceType":"","IsInherited":false},{"PrincipalSID":"CASCADE.LOCAL-S-1-5-32-548","PrincipalType":"Group","RightName":"GenericAll","AceType":"","IsInherited":false},{"PrincipalSID":"S-1-5-21-3332504370-1206983947-1165150453-512","PrincipalType":"Group","RightName":"GenericAll","AceType":"","IsInherited":false},{"PrincipalSID":"S-1-5-21-3332504370-1206983947-1165150453-519","PrincipalType":"Group","RightName":"GenericAll","AceType":"","IsInherited":true},{"PrincipalSID":"CASCADE.LOCAL-S-1-5-32-544","PrincipalType":"Group","RightName":"WriteDacl","AceType":"","IsInherited":true},{"PrincipalSID":"CASCADE.LOCAL-S-1-5-32-544","PrincipalType":"Group","RightName":"WriteOwner","AceType":"","IsInherited":true},{"PrincipalSID":"CASCADE.LOCAL-S-1-5-32-544","PrincipalType":"Group","RightName":"ExtendedRight","AceType":"All","IsInherited":true},{"PrincipalSID":"CASCADE.LOCAL-S-1-5-32-544","PrincipalType":"Group","RightName":"GenericWrite","AceType":"","IsInherited":true}]},{"Properties":{"highvalue":false,"name":"B.HANSON@CASCADE.LOCAL","domain":"CASCADE.LOCAL","objectid":"S-1-5-21-3332504370-1206983947-1165150453-1128","distinguishedname":"CN=Ben Hanson,OU=Users,OU=UK,DC=cascade,DC=local","description":null,"dontreqpreauth":false,"passwordnotreqd":false,"unconstraineddelegation":false,"sensitive":false,"enabled":false,"pwdneverexpires":true,"lastlogon":-1,"lastlogontimestamp":-1,"pwdlastset":1578933339,"serviceprincipalnames":[],"hasspn":false,"displayname":"Ben Hanson","email":null,"title":null,"homedirectory":null,"userpassword":null,"admincount":false,"sidhistory":[]},"AllowedToDelegate":[],"SPNTargets":[],"PrimaryGroupSid":"S-1-5-21-3332504370-1206983947-1165150453-513","HasSIDHistory":[],"ObjectIdentifier":"S-1-5-21-3332504370-1206983947-1165150453-1128","Aces":[{"PrincipalSID":"S-1-5-21-3332504370-1206983947-1165150453-512","PrincipalType":"Group","RightName":"Owner","AceType":"","IsInherited":false},{"PrincipalSID":"CASCADE.LOCAL-S-1-5-32-548","PrincipalType":"Group","RightName":"GenericAll","AceType":"","IsInherited":false},{"PrincipalSID":"S-1-5-21-3332504370-1206983947-1165150453-512","PrincipalType":"Group","RightName":"GenericAll","AceType":"","IsInherited":false},{"PrincipalSID":"S-1-5-21-3332504370-1206983947-1165150453-519","PrincipalType":"Group","RightName":"GenericAll","AceType":"","IsInherited":true},{"PrincipalSID":"CASCADE.LOCAL-S-1-5-32-544","PrincipalType":"Group","RightName":"WriteDacl","AceType":"","IsInherited":true},{"PrincipalSID":"CASCADE.LOCAL-S-1-5-32-544","PrincipalType":"Group","RightName":"WriteOwner","AceType":"","IsInherited":true},{"PrincipalSID":"CASCADE.LOCAL-S-1-5-32-544","PrincipalType":"Group","RightName":"ExtendedRight","AceType":"All","IsInherited":true},{"PrincipalSID":"CASCADE.LOCAL-S-1-5-32-544","PrincipalType":"Group","RightName":"GenericWrite","AceType":"","IsInherited":true}]},{"Properties":{"highvalue":false,"name":"D.BURMAN@CASCADE.LOCAL","domain":"CASCADE.LOCAL","objectid":"S-1-5-21-3332504370-1206983947-1165150453-1129","distinguishedname":"CN=David Burman,OU=Users,OU=UK,DC=cascade,DC=local","description":null,"dontreqpreauth":false,"passwordnotreqd":false,"unconstraineddelegation":false,"sensitive":false,"enabled":true,"pwdneverexpires":true,"lastlogon":-1,"lastlogontimestamp":-1,"pwdlastset":1578933372,"serviceprincipalnames":[],"hasspn":false,"displayname":"David Burman","email":null,"title":null,"homedirectory":null,"userpassword":null,"admincount":false,"sidhistory":[]},"AllowedToDelegate":[],"SPNTargets":[],"PrimaryGroupSid":"S-1-5-21-3332504370-1206983947-1165150453-513","HasSIDHistory":[],"ObjectIdentifier":"S-1-5-21-3332504370-1206983947-1165150453-1129","Aces":[{"PrincipalSID":"S-1-5-21-3332504370-1206983947-1165150453-512","PrincipalType":"Group","RightName":"Owner","AceType":"","IsInherited":false},{"PrincipalSID":"CASCADE.LOCAL-S-1-5-32-548","PrincipalType":"Group","RightName":"GenericAll","AceType":"","IsInherited":false},{"PrincipalSID":"S-1-5-21-3332504370-1206983947-1165150453-512","PrincipalType":"Group","RightName":"GenericAll","AceType":"","IsInherited":false},{"PrincipalSID":"S-1-5-21-3332504370-1206983947-1165150453-519","PrincipalType":"Group","RightName":"GenericAll","AceType":"","IsInherited":true},{"PrincipalSID":"CASCADE.LOCAL-S-1-5-32-544","PrincipalType":"Group","RightName":"WriteDacl","AceType":"","IsInherited":true},{"PrincipalSID":"CASCADE.LOCAL-S-1-5-32-544","PrincipalType":"Group","RightName":"WriteOwner","AceType":"","IsInherited":true},{"PrincipalSID":"CASCADE.LOCAL-S-1-5-32-544","PrincipalType":"Group","RightName":"ExtendedRight","AceType":"All","IsInherited":true},{"PrincipalSID":"CASCADE.LOCAL-S-1-5-32-544","PrincipalType":"Group","RightName":"GenericWrite","AceType":"","IsInherited":true}]},{"Properties":{"highvalue":false,"name":"A.TURNBULL@CASCADE.LOCAL","domain":"CASCADE.LOCAL","objectid":"S-1-5-21-3332504370-1206983947-1165150453-1124","distinguishedname":"CN=Adrian Turnbull,OU=Users,OU=UK,DC=cascade,DC=local","description":null,"dontreqpreauth":false,"passwordnotreqd":true,"unconstraineddelegation":false,"sensitive":false,"enabled":true,"pwdneverexpires":true,"lastlogon":-1,"lastlogontimestamp":-1,"pwdlastset":1578879793,"serviceprincipalnames":[],"hasspn":false,"displayname":"Adrian Turnbull","email":null,"title":null,"homedirectory":null,"userpassword":null,"admincount":false,"sidhistory":[]},"AllowedToDelegate":[],"SPNTargets":[],"PrimaryGroupSid":"S-1-5-21-3332504370-1206983947-1165150453-513","HasSIDHistory":[],"ObjectIdentifier":"S-1-5-21-3332504370-1206983947-1165150453-1124","Aces":[{"PrincipalSID":"S-1-5-21-3332504370-1206983947-1165150453-512","PrincipalType":"Group","RightName":"Owner","AceType":"","IsInherited":false},{"PrincipalSID":"CASCADE.LOCAL-S-1-5-32-548","PrincipalType":"Group","RightName":"GenericAll","AceType":"","IsInherited":false},{"PrincipalSID":"S-1-5-21-3332504370-1206983947-1165150453-512","PrincipalType":"Group","RightName":"GenericAll","AceType":"","IsInherited":false},{"PrincipalSID":"S-1-5-21-3332504370-1206983947-1165150453-519","PrincipalType":"Group","RightName":"GenericAll","AceType":"","IsInherited":true},{"PrincipalSID":"CASCADE.LOCAL-S-1-5-32-544","PrincipalType":"Group","RightName":"WriteDacl","AceType":"","IsInherited":true},{"PrincipalSID":"CASCADE.LOCAL-S-1-5-32-544","PrincipalType":"Group","RightName":"WriteOwner","AceType":"","IsInherited":true},{"PrincipalSID":"CASCADE.LOCAL-S-1-5-32-544","PrincipalType":"Group","RightName":"ExtendedRight","AceType":"All","IsInherited":true},{"PrincipalSID":"CASCADE.LOCAL-S-1-5-32-544","PrincipalType":"Group","RightName":"GenericWrite","AceType":"","IsInherited":true}]},{"Properties":{"highvalue":false,"name":"BACKUPSVC@CASCADE.LOCAL","domain":"CASCADE.LOCAL","objectid":"S-1-5-21-3332504370-1206983947-1165150453-1130","distinguishedname":"CN=BackupSvc,OU=Services,OU=Users,OU=UK,DC=cascade,DC=local","description":null,"dontreqpreauth":false,"passwordnotreqd":false,"unconstraineddelegation":false,"sensitive":false,"enabled":true,"pwdneverexpires":true,"lastlogon":-1,"lastlogontimestamp":-1,"pwdlastset":1578933423,"serviceprincipalnames":[],"hasspn":false,"displayname":"BackupSvc","email":null,"title":null,"homedirectory":null,"userpassword":null,"admincount":false,"sidhistory":[]},"AllowedToDelegate":[],"SPNTargets":[],"PrimaryGroupSid":"S-1-5-21-3332504370-1206983947-1165150453-513","HasSIDHistory":[],"ObjectIdentifier":"S-1-5-21-3332504370-1206983947-1165150453-1130","Aces":[{"PrincipalSID":"S-1-5-21-3332504370-1206983947-1165150453-512","PrincipalType":"Group","RightName":"Owner","AceType":"","IsInherited":false},{"PrincipalSID":"CASCADE.LOCAL-S-1-5-32-548","PrincipalType":"Group","RightName":"GenericAll","AceType":"","IsInherited":false},{"PrincipalSID":"S-1-5-21-3332504370-1206983947-1165150453-512","PrincipalType":"Group","RightName":"GenericAll","AceType":"","IsInherited":false},{"PrincipalSID":"S-1-5-21-3332504370-1206983947-1165150453-519","PrincipalType":"Group","RightName":"GenericAll","AceType":"","IsInherited":true},{"PrincipalSID":"CASCADE.LOCAL-S-1-5-32-544","PrincipalType":"Group","RightName":"WriteDacl","AceType":"","IsInherited":true},{"PrincipalSID":"CASCADE.LOCAL-S-1-5-32-544","PrincipalType":"Group","RightName":"WriteOwner","AceType":"","IsInherited":true},{"PrincipalSID":"CASCADE.LOCAL-S-1-5-32-544","PrincipalType":"Group","RightName":"ExtendedRight","AceType":"All","IsInherited":true},{"PrincipalSID":"CASCADE.LOCAL-S-1-5-32-544","PrincipalType":"Group","RightName":"GenericWrite","AceType":"","IsInherited":true}]},{"Properties":{"highvalue":false,"name":"I.CROFT@CASCADE.LOCAL","domain":"CASCADE.LOCAL","objectid":"S-1-5-21-3332504370-1206983947-1165150453-1135","distinguishedname":"CN=Ian Croft,OU=Users,OU=UK,DC=cascade,DC=local","description":null,"dontreqpreauth":false,"passwordnotreqd":false,"unconstraineddelegation":false,"sensitive":false,"enabled":false,"pwdneverexpires":true,"lastlogon":-1,"lastlogontimestamp":-1,"pwdlastset":1579124781,"serviceprincipalnames":[],"hasspn":false,"displayname":"Ian Croft","email":null,"title":null,"homedirectory":null,"userpassword":null,"admincount":false,"sidhistory":[]},"AllowedToDelegate":[],"SPNTargets":[],"PrimaryGroupSid":"S-1-5-21-3332504370-1206983947-1165150453-513","HasSIDHistory":[],"ObjectIdentifier":"S-1-5-21-3332504370-1206983947-1165150453-1135","Aces":[{"PrincipalSID":"S-1-5-21-3332504370-1206983947-1165150453-512","PrincipalType":"Group","RightName":"Owner","AceType":"","IsInherited":false},{"PrincipalSID":"CASCADE.LOCAL-S-1-5-32-548","PrincipalType":"Group","RightName":"GenericAll","AceType":"","IsInherited":false},{"PrincipalSID":"S-1-5-21-3332504370-1206983947-1165150453-512","PrincipalType":"Group","RightName":"GenericAll","AceType":"","IsInherited":false},{"PrincipalSID":"S-1-5-21-3332504370-1206983947-1165150453-519","PrincipalType":"Group","RightName":"GenericAll","AceType":"","IsInherited":true},{"PrincipalSID":"CASCADE.LOCAL-S-1-5-32-544","PrincipalType":"Group","RightName":"WriteDacl","AceType":"","IsInherited":true},{"PrincipalSID":"CASCADE.LOCAL-S-1-5-32-544","PrincipalType":"Group","RightName":"WriteOwner","AceType":"","IsInherited":true},{"PrincipalSID":"CASCADE.LOCAL-S-1-5-32-544","PrincipalType":"Group","RightName":"ExtendedRight","AceType":"All","IsInherited":true},{"PrincipalSID":"CASCADE.LOCAL-S-1-5-32-544","PrincipalType":"Group","RightName":"GenericWrite","AceType":"","IsInherited":true}]},{"Properties":{"highvalue":false,"name":"J.ALLEN@CASCADE.LOCAL","domain":"CASCADE.LOCAL","objectid":"S-1-5-21-3332504370-1206983947-1165150453-1134","distinguishedname":"CN=Joseph Allen,OU=Users,OU=UK,DC=cascade,DC=local","description":null,"dontreqpreauth":false,"passwordnotreqd":false,"unconstraineddelegation":false,"sensitive":false,"enabled":true,"pwdneverexpires":true,"lastlogon":-1,"lastlogontimestamp":-1,"pwdlastset":1578936239,"serviceprincipalnames":[],"hasspn":false,"displayname":"Joseph Allen","email":null,"title":null,"homedirectory":null,"userpassword":null,"admincount":false,"sidhistory":[]},"AllowedToDelegate":[],"SPNTargets":[],"PrimaryGroupSid":"S-1-5-21-3332504370-1206983947-1165150453-513","HasSIDHistory":[],"ObjectIdentifier":"S-1-5-21-3332504370-1206983947-1165150453-1134","Aces":[{"PrincipalSID":"S-1-5-21-3332504370-1206983947-1165150453-512","PrincipalType":"Group","RightName":"Owner","AceType":"","IsInherited":false},{"PrincipalSID":"CASCADE.LOCAL-S-1-5-32-548","PrincipalType":"Group","RightName":"GenericAll","AceType":"","IsInherited":false},{"PrincipalSID":"S-1-5-21-3332504370-1206983947-1165150453-512","PrincipalType":"Group","RightName":"GenericAll","AceType":"","IsInherited":false},{"PrincipalSID":"S-1-5-21-3332504370-1206983947-1165150453-519","PrincipalType":"Group","RightName":"GenericAll","AceType":"","IsInherited":true},{"PrincipalSID":"CASCADE.LOCAL-S-1-5-32-544","PrincipalType":"Group","RightName":"WriteDacl","AceType":"","IsInherited":true},{"PrincipalSID":"CASCADE.LOCAL-S-1-5-32-544","PrincipalType":"Group","RightName":"WriteOwner","AceType":"","IsInherited":true},{"PrincipalSID":"CASCADE.LOCAL-S-1-5-32-544","PrincipalType":"Group","RightName":"ExtendedRight","AceType":"All","IsInherited":true},{"PrincipalSID":"CASCADE.LOCAL-S-1-5-32-544","PrincipalType":"Group","RightName":"GenericWrite","AceType":"","IsInherited":true}]},{"Properties":{"highvalue":false,"name":"CASCGUEST@CASCADE.LOCAL","domain":"CASCADE.LOCAL","objectid":"S-1-5-21-3332504370-1206983947-1165150453-501","distinguishedname":"CN=CascGuest,CN=Users,DC=cascade,DC=local","description":"Built-in account for guest access to the computer/domain","dontreqpreauth":false,"passwordnotreqd":true,"unconstraineddelegation":false,"sensitive":false,"enabled":false,"pwdneverexpires":true,"lastlogon":-1,"lastlogontimestamp":1578596464,"pwdlastset":-1,"serviceprincipalnames":[],"hasspn":false,"displayname":null,"email":null,"title":null,"homedirectory":null,"userpassword":null,"admincount":false,"sidhistory":[]},"AllowedToDelegate":[],"SPNTargets":[],"PrimaryGroupSid":"S-1-5-21-3332504370-1206983947-1165150453-514","HasSIDHistory":[],"ObjectIdentifier":"S-1-5-21-3332504370-1206983947-1165150453-501","Aces":[{"PrincipalSID":"CASCADE.LOCAL-S-1-5-32-544","PrincipalType":"Group","RightName":"Owner","AceType":"","IsInherited":false},{"PrincipalSID":"CASCADE.LOCAL-S-1-5-32-544","PrincipalType":"Group","RightName":"GenericAll","AceType":"","IsInherited":false},{"PrincipalSID":"CASCADE.LOCAL-S-1-5-32-548","PrincipalType":"Group","RightName":"GenericAll","AceType":"","IsInherited":false},{"PrincipalSID":"S-1-5-21-3332504370-1206983947-1165150453-519","PrincipalType":"Group","RightName":"GenericAll","AceType":"","IsInherited":true},{"PrincipalSID":"CASCADE.LOCAL-S-1-5-32-544","PrincipalType":"Group","RightName":"WriteDacl","AceType":"","IsInherited":true},{"PrincipalSID":"CASCADE.LOCAL-S-1-5-32-544","PrincipalType":"Group","RightName":"WriteOwner","AceType":"","IsInherited":true},{"PrincipalSID":"CASCADE.LOCAL-S-1-5-32-544","PrincipalType":"Group","RightName":"ExtendedRight","AceType":"All","IsInherited":true},{"PrincipalSID":"CASCADE.LOCAL-S-1-5-32-544","PrincipalType":"Group","RightName":"GenericWrite","AceType":"","IsInherited":true}]},{"Properties":{"highvalue":false,"name":"KRBTGT@CASCADE.LOCAL","domain":"CASCADE.LOCAL","objectid":"S-1-5-21-3332504370-1206983947-1165150453-502","distinguishedname":"CN=krbtgt,CN=Users,DC=cascade,DC=local","description":"Key Distribution Center Service Account","dontreqpreauth":false,"passwordnotreqd":false,"unconstraineddelegation":false,"sensitive":false,"enabled":false,"pwdneverexpires":false,"lastlogon":-1,"lastlogontimestamp":-1,"pwdlastset":1578583935,"serviceprincipalnames":["kadmin/changepw"],"hasspn":true,"displayname":null,"email":null,"title":null,"homedirectory":null,"userpassword":null,"admincount":true,"sidhistory":[]},"AllowedToDelegate":[],"SPNTargets":[],"PrimaryGroupSid":"S-1-5-21-3332504370-1206983947-1165150453-513","HasSIDHistory":[],"ObjectIdentifier":"S-1-5-21-3332504370-1206983947-1165150453-502","Aces":[{"PrincipalSID":"S-1-5-21-3332504370-1206983947-1165150453-512","PrincipalType":"Group","RightName":"Owner","AceType":"","IsInherited":false},{"PrincipalSID":"CASCADE.LOCAL-S-1-5-32-544","PrincipalType":"Group","RightName":"WriteDacl","AceType":"","IsInherited":false},{"PrincipalSID":"CASCADE.LOCAL-S-1-5-32-544","PrincipalType":"Group","RightName":"WriteOwner","AceType":"","IsInherited":false},{"PrincipalSID":"CASCADE.LOCAL-S-1-5-32-544","PrincipalType":"Group","RightName":"ExtendedRight","AceType":"All","IsInherited":false},{"PrincipalSID":"CASCADE.LOCAL-S-1-5-32-544","PrincipalType":"Group","RightName":"GenericWrite","AceType":"","IsInherited":false},{"PrincipalSID":"S-1-5-21-3332504370-1206983947-1165150453-512","PrincipalType":"Group","RightName":"WriteDacl","AceType":"","IsInherited":false},{"PrincipalSID":"S-1-5-21-3332504370-1206983947-1165150453-512","PrincipalType":"Group","RightName":"WriteOwner","AceType":"","IsInherited":false},{"PrincipalSID":"S-1-5-21-3332504370-1206983947-1165150453-512","PrincipalType":"Group","RightName":"ExtendedRight","AceType":"All","IsInherited":false},{"PrincipalSID":"S-1-5-21-3332504370-1206983947-1165150453-512","PrincipalType":"Group","RightName":"GenericWrite","AceType":"","IsInherited":false},{"PrincipalSID":"S-1-5-21-3332504370-1206983947-1165150453-519","PrincipalType":"Group","RightName":"WriteDacl","AceType":"","IsInherited":false},{"PrincipalSID":"S-1-5-21-3332504370-1206983947-1165150453-519","PrincipalType":"Group","RightName":"WriteOwner","AceType":"","IsInherited":false},{"PrincipalSID":"S-1-5-21-3332504370-1206983947-1165150453-519","PrincipalType":"Group","RightName":"ExtendedRight","AceType":"All","IsInherited":false},{"PrincipalSID":"S-1-5-21-3332504370-1206983947-1165150453-519","PrincipalType":"Group","RightName":"GenericWrite","AceType":"","IsInherited":false}]}],"meta":{"count":17,"type":"users","version":3}}